TDRS 3
1 19548U 88091B   26218.21810377 -.00000294  00000+0  00000+0 0  9995
2 19548  12.5645 340.6613 0037197 353.6490  10.1567  1.00272498125890
FLTSATCOM 8 (USA 46)
1 20253U 89077A   26217.75369459 -.00000362  00000+0  00000+0 0  9999
2 20253  12.4079 350.8585 0001945 119.1362 241.4629  1.00272369261055
SKYNET 4C
1 20776U 90079A   26217.95413690  .00000015  00000+0  00000+0 0  9996
2 20776  13.3223 349.4926 0003141 152.8342 213.9803  0.98575607   530
TDRS 5
1 21639U 91054B   26218.55110696  .00000086  00000+0  00000+0 0  9994
2 21639  14.0651 353.3964 0007480 248.6600 104.0395  1.00264228128219
TDRS 6
1 22314U 93003B   26218.18105517 -.00000293  00000+0  00000+0 0  9997
2 22314  14.1839 356.6808 0009355 189.0825 148.3573  1.00271727122903
UFO 2 (USA 95)
1 22787U 93056A   26218.58984714  .00000126  00000+0  00000+0 0  9991
2 22787  11.9129   3.2681 0000682 328.3021 224.5289  1.00271330119051
UFO 4 (USA 108)
1 23467U 95003A   26218.39758700 -.00000021  00000+0  00000+0 0  9999
2 23467   9.6663  12.9221 0002882 113.2528 144.1101  1.00271165115454
TDRS 7
1 23613U 95035B   26218.64175896 -.00000236  00000+0  00000+0 0  9992
2 23613  13.3565 347.8361 0010655  90.3151 197.1724  1.00267883113751
USA 115 (MILSTAR-1 2)
1 23712U 95060A   26218.42708208 -.00000202  00000+0  00000+0 0  9998
2 23712  14.0905   3.3625 0006484 137.4855 237.9198  1.00271978 33392
INMARSAT 3-F1
1 23839U 96020A   26218.63534539  .00000115  00000+0  00000+0 0  9994
2 23839  10.7034  46.1572 0005270 113.9640 235.7209  0.99988392110754
INMARSAT 3-F2
1 24307U 96053A   26217.53461968 -.00000252  00000+0  00000+0 0  9997
2 24307   9.9652  53.4223 0006057  75.4865 117.3911  0.99980621109413
INMARSAT 3-F3
1 24674U 96070A   26218.29748483 -.00000121  00000+0  00000+0 0  9992
2 24674  10.4231  49.1548 0004404 115.7802 249.1796  0.99999761108414
USA 134
1 25019U 97065A   26218.50559080 -.00000065  00000+0  00000+0 0  9995
2 25019  12.8427  21.3316 0001694 308.7195  54.8742  1.00274805 33465
INMARSAT 3-F5
1 25153U 98006B   26218.42422870 -.00000292  00000+0  00000+0 0  9999
2 25153   9.8008  52.7425 0004580  87.8043 273.1753  1.00272796104406
ABS-6
1 25924U 99053A   26218.54443359 -.00000115  00000+0  00000+0 0  9990
2 25924   0.0666 265.9500 0003381 213.6184 190.4887  1.00273065 98344
UFO 10 (USA 146)
1 25967U 99063A   26218.29453815 -.00000186  00000+0  00000+0 0  9996
2 25967   9.8630  26.9365 0002163 156.0235 215.0354  1.00275062 97854
ASIASTAR
1 26107U 00016A   26218.53368689 -.00000335  00000+0  00000+0 0  9990
2 26107   9.2423  57.6003 0003939  80.5586 114.0551  1.00272331 96422
USA 149 (DSP 20)
1 26356U 00024A   26218.12372685  .00000095  00000+0  00000+0 0  9993
2 26356  13.2076  11.4835 0001004 222.9406 319.4738  1.00267873 33415
TDRS 8
1 26388U 00034A   26218.45848814 -.00000195  00000+0  00000+0 0  9999
2 26388  12.7613  30.8853 0002835  52.6628 121.1691  1.00268136 95689
NSS-11
1 26554U 00059A   26218.58497428  .00000027  00000+0  00000+0 0  9999
2 26554   2.2509  80.7643 0003084  72.5594 188.3886  1.00272367 41798
USA 153
1 26575U 00065A   26218.32570966 -.00000327  00000+0  00000+0 0  9994
2 26575  11.7086  34.9910 0001724  75.7028  95.7850  1.00267570 33434
AMC-6
1 26580U 00067A   26218.55743366  .00000092  00000+0  00000+0 0  9991
2 26580   0.2751  83.9608 0004092  53.7393 243.0157  1.00272411 94392
USA 157 (MILSTAR-2 2)
1 26715U 01009A   26218.55457363  .00000109  00000+0  00000+0 0  9996
2 26715  11.5971  19.4355 0041785 179.1929 166.0205  1.00272705 33445
INTELSAT 902 (IS-902)
1 26900U 01039A   26218.43173799 -.00000283  00000+0  00000+0 0  9994
2 26900   6.2395  71.1558 0004280  63.8562 285.2679  1.00272510 91192
USA 164 (MILSTAR-2 3)
1 27168U 02001A   26218.64650304  .00000098  00000+0  00000+0 0  9999
2 27168  11.2393  21.5844 0098078   9.4571 175.8603  1.00275631 33468
INTELSAT 904 (IS-904)
1 27380U 02007A   26218.43537801 -.00000225  00000+0  00000+0 0  9997
2 27380   7.0397  68.5648 0004191  47.9386 323.7424  1.00271709 52275
DIRECTV 5 (TEMPO 1)
1 27426U 02023A   26218.21820451 -.00000055  00000+0  00000+0 0  9999
2 27426   4.9998  74.6708 0003240  78.4331 130.1057  1.00271595 88620
INTELSAT 905 (IS-905)
1 27438U 02027A   26218.54549765  .00000093  00000+0  00000+0 0  9999
2 27438   6.8744  69.1762 0003144  78.3192 226.7646  1.00272227 51864
GALAXY 3C (G-3C)
1 27445U 02030A   26218.56540703 -.00000151  00000+0  00000+0 0  9992
2 27445   3.8604  77.3240 0001500  44.7540 301.7118  1.00271157 46991
INTELSAT 906 (IS-906)
1 27513U 02041A   26218.59695383  .00000013  00000+0  00000+0 0  9994
2 27513   5.9263  72.2872 0003042  49.5021 112.3869  1.00272222 87534
NIMIQ 2
1 27632U 02062A   26218.55099666 -.00000071  00000+0  00000+0 0  9992
2 27632   9.5572  56.3493 0005355  80.7227 267.1938  1.00271883 44682
USA 167
1 27691U 03008A   26218.56012034  .00000004  00000+0  00000+0 0  9998
2 27691  11.0575  42.9412 0002944 303.5678  48.2490  1.00268122  7274
USA 169 (MILSTAR-2 4)
1 27711U 03012A   26218.25805132 -.00000198  00000+0  00000+0 0  9996
2 27711  12.4232  29.4197 0098140  10.9093 159.4857  1.00269573 33457
ASIASAT 4
1 27718U 03014A   26218.43933679 -.00000221  00000+0  00000+0 0  9990
2 27718   4.8283  75.1016 0002780  61.8711 123.6919  1.00270114 45807
HELLAS-SAT 2
1 27811U 03020A   26218.36834986 -.00000084  00000+0  00000+0 0  9991
2 27811   7.4739  67.2680 0005231 109.1740 261.0521  1.00271722 43357
THURAYA-2
1 27825U 03026A   26218.59296715  .00000125  00000+0  00000+0 0  9994
2 27825   8.9303  31.7307 0002085  31.9895 148.8761  1.00271668 84851
OPTUS C1
1 27831U 03028B   26218.41572664 -.00000151  00000+0  00000+0 0  9994
2 27831   7.0098  68.7846 0005442  68.6006 122.9857  1.00271985 53563
USA 170
1 27875U 03040A   26218.23249051  .00000125  00000+0  00000+0 0  9997
2 27875  10.6023  47.4578 0001355  97.8250 277.3347  1.00270326 33508
GALAXY 13 (HORIZONS-1)
1 27954U 03044A   26218.64121715  .00000135  00000+0  00000+0 0  9991
2 27954   1.5453  83.1910 0002177  45.0551 267.7636  1.00269601 47076
YAMAL 202
1 28089U 03053A   26218.40739149 -.00000080  00000+0  00000+0 0  9991
2 28089   6.4650  70.3193 0003574  68.7123 126.1383  1.00272855 83206
UFO 11 (USA 174)
1 28117U 03057A   26218.52786149 -.00000103  00000+0  00000+0 0  9998
2 28117   8.9599  33.5478 0003194 120.3894  66.6570  1.00271843 82955
USA 176 (DSP 22)
1 28158U 04004A   26218.36054981 -.00000296  00000+0  00000+0 0  9993
2 28158  12.1283  25.6861 0002106 297.3759  72.4493  1.00277787 33444
ABS-4 (MOBISAT-1)
1 28184U 04007A   26218.59634716  .00000039  00000+0  00000+0 0  9994
2 28184   6.1646  71.3794 0004955  66.9078  92.4740  1.00271837 52842
INTELSAT 10-02
1 28358U 04022A   26218.37822580 -.00000006  00000+0  00000+0 0  9993
2 28358   0.0605 263.2338 0000348 336.2374 210.6018  1.00269704 81050
ANIK F2
1 28378U 04027A   26218.56220035 -.00000048  00000+0  00000+0 0  9994
2 28378   3.4124  78.7657 0003306  55.5046 272.1076  1.00271371 41766
AMC-15
1 28446U 04041A   26218.56341368 -.00000085  00000+0  00000+0 0  9990
2 28446   0.0586 274.1044 0002111 215.7762 282.9853  1.00275163 79808
NSS-10
1 28526U 05003A   26218.43425133 -.00000251  00000+0  00000+0 0  9992
2 28526   6.5707  69.8277 0002802  58.7431 305.2868  1.00269924 53664
INMARSAT 4-F1
1 28628U 05009A   26218.37322262  .00000035  00000+0  00000+0 0  9992
2 28628   5.2358  42.7869 0002632 102.2174 122.3848  1.00271484 78175
DIRECTV 8
1 28659U 05019A   26218.56064034  .00000006  00000+0  00000+0 0  9996
2 28659   0.0142  93.6939 0003093  58.1363 246.0403  1.00270974 77574
GALAXY 28 (G-28)
1 28702U 05022A   26218.36496984 -.00000198  00000+0  00000+0 0  9993
2 28702   3.4237  78.2996 0002138  59.2259 281.6552  1.00271867 52476
THAICOM 4
1 28786U 05028A   26218.76689448 -.00000359  00000+0  00000+0 0  9993
2 28786   0.3700  85.2898 0001197  36.3541 229.2233  1.00270189 52753
ANIK F1R
1 28868U 05036A   26218.56378497 -.00000074  00000+0  00000+0 0  9994
2 28868   4.4359  75.9376 0003437  43.5511 291.2744  1.00271611 46954
SYRACUSE 3A
1 28885U 05041B   26218.59348715  .00000130  00000+0  00000+0 0  9994
2 28885   4.7658  75.2045 0002496  54.2571  85.9377  1.00272043 76259
INMARSAT 4-F2
1 28899U 05044A   26218.39880450 -.00000258  00000+0  00000+0 0  9999
2 28899   5.1593  43.7017 0002474  84.4856 113.8258  1.00271261 76028
METEOSAT-9 (MSG-2)
1 28912U 05049B   26218.59331382  .00000123  00000+0  00000+0 0  9997
2 28912   9.4711  53.6545 0002481   9.0159 151.7396  1.00269636  7500
EUTELSAT 174A
1 28924U 05052A   26218.52941706  .00000010  00000+0  00000+0 0  9999
2 28924   4.3401  75.8871 0005958  61.0490 182.6790  1.00270468 52831
ECHOSTAR 10
1 28935U 06003A   26218.57035854 -.00000051  00000+0  00000+0 0  9997
2 28935   0.0608 277.0913 0001536 190.7349 302.4197  1.00270674 74969
SPAINSAT
1 28945U 06007A   26218.20962456 -.00000212  00000+0  00000+0 0  9998
2 28945   0.6867  85.6931 0004684  50.6747 223.6684  1.00271604 74711
JCSAT-5A
1 29045U 06010A   26218.61038722 -.00000324  00000+0  00000+0 0  9993
2 29045   1.2333  83.6033 0001424  27.3718 195.9662  1.00270528 74279
ASTRA 1KR
1 29055U 06012A   26218.58802713  .00000122  00000+0  00000+0 0  9996
2 29055   0.5981  83.0726 0003167  48.9736  53.7673  1.00268904 46209
GALAXY 16 (G-16)
1 29236U 06023A   26218.54412421 -.00000123  00000+0  00000+0 0  9990
2 29236   0.0173 125.0439 0002607  17.5601 269.3605  1.00272685 73477
EUTELSAT 33F
1 29270U 06032A   26218.59080047  .00000158  00000+0  00000+0 0  9995
2 29270   1.7860  81.6481 0003540  53.3699  65.8816  1.00269152 47819
JCSAT-3A
1 29272U 06033A   26218.60960722 -.00000340  00000+0  00000+0 0  9991
2 29272   0.0510 266.3201 0002906 243.7921 152.4875  1.00271986 48249
KOREASAT 5 (MUGUNGWHA 5)
1 29349U 06034A   26218.60657388 -.00000355  00000+0  00000+0 0  9994
2 29349   1.9093  82.3235 0001883 109.2163  95.0076  1.00269212 41821
DIRECTV 9S
1 29494U 06043A   26218.56419369 -.00000111  00000+0  00000+0 0  9995
2 29494   2.5449  80.2718 0004496  51.3430 285.3913  1.00271038 51884
OPTUS D1
1 29495U 06043B   26218.54304692 -.00000181  00000+0  00000+0 0  9993
2 29495   3.1586  79.0167 0003595  56.6936 166.8296  1.00272450 72627
BADR-4
1 29526U 06051A   26218.59106047  .00000158  00000+0  00000+0 0  9999
2 29526   2.1291  80.5367 0004869  51.9911  69.8150  1.00272013 51778
WILDBLUE-1
1 29643U 06054A   26218.55145362 -.00000044  00000+0  00000+0 0  9996
2 29643   2.9270  79.8289 0005027  61.6469 206.5789  0.99176783 54292
SKYNET 5A
1 30794U 07007B   26218.60302052 -.00000271  00000+0  00000+0 0  9993
2 30794   5.4243  73.1112 0003417  65.0376 129.2938  1.00271974 71205
ANIK F3
1 31102U 07009A   26218.56072700  .00000002  00000+0  00000+0 0  9999
2 31102   1.3220  83.2161 0002613  63.1084 251.9207  1.00272144 47066
ASTRA 1L
1 31306U 07016A   26218.43676468 -.00000181  00000+0  00000+0 0  9999
2 31306   1.4456  81.1269 0005130  55.3253 311.2515  1.00271387 45493
GALAXY 17 (G-17)
1 31307U 07016B   26218.49608001 -.00000204  00000+0  00000+0 0  9990
2 31307   3.0927  79.2477 0002965  60.8666 268.4977  1.00271130 70305
INTELSAT 11 (IS-11)
1 32253U 07044B   26218.56523369  .00000003  00000+0  00000+0 0  9999
2 32253   3.6907  78.0344 0005724 111.1297 233.6480  0.99046450 68948
WGS F1 (USA 195)
1 32258U 07046A   26218.50448672 -.00000263  00000+0  00000+0 0  9992
2 32258   0.0161 101.7112 0000446  98.2139 254.2106  1.00269818 52843
SKYNET 5B
1 32294U 07056B   26218.30398486  .00000141  00000+0  00000+0 0  9992
2 32294   5.3746  72.8935 0003838  58.8684 317.5902  1.00271328 68704
ASTRA 4A
1 32299U 07057A   26218.37266817  .00000038  00000+0  00000+0 0  9992
2 32299   0.0484 273.1209 0002640 235.9117 304.8582  1.00272959 52155
HORIZONS-2
1 32388U 07063B   26218.56956705 -.00000251  00000+0  00000+0 0  9999
2 32388   2.7261  79.9851 0002911  36.5954 329.7755  1.00270134 68323
THURAYA-3
1 32404U 08001A   26217.59878756  .00000013  00000+0  00000+0 0  9997
2 32404   6.0708  35.8106 0002279 111.0200  86.6000  1.00272595 67985
THOR 5
1 32487U 08006A   26218.58395378 -.00000005  00000+0  00000+0 0  9999
2 32487   0.0599 259.0646 0002437 249.9849  15.5448  1.00270262 67822
AMC-14
1 32708U 08011A   26217.95280933 -.00000268  00000+0  00000+0 0  9992
2 32708  24.0679  19.9176 0037719   8.6244 359.1342  1.00417135 68670
DIRECTV 11
1 32729U 08013A   26218.54396512 -.00000121  00000+0  00000+0 0  9992
2 32729   0.0074 315.6628 0000188  77.2448  18.8059  1.00267208 46092
ICO G1
1 32763U 08016A   26218.56584036 -.00000170  00000+0  00000+0 0  9999
2 32763   5.5361  35.9849 0002269  87.6062 302.3522  1.00273155 67058
VINASAT-1
1 32767U 08018A   26218.61038722 -.00000324  00000+0  00000+0 0  9998
2 32767   0.0597 269.3101 0001862 252.5169 144.9950  1.00270361 67091
STAR ONE C2
1 32768U 08018B   26218.57130039 -.00000273  00000+0  00000+0 0  9991
2 32768   1.3628  81.9417 0002744  66.3980 307.4339  1.00270980 67163
AMOS-3
1 32794U 08022A   26218.52829483 -.00000145  00000+0  00000+0 0  9996
2 32794   0.5791  85.4682 0001694 156.7842 340.3307  1.00447143 82841
GALAXY 18 (G-18)
1 32951U 08024A   26218.55986034  .00000030  00000+0  00000+0 0  9994
2 32951   0.0050 256.1651 0003011 255.1032 242.3691  1.00270647 46358
ZHONGXING-9
1 33051U 08028A   26218.74505163 -.00000246  00000+0  00000+0 0  9991
2 33051   0.8916  84.6791 0003689  63.2106 167.9921  1.00272121 66549
SKYNET 5C
1 33055U 08030A   26218.36678985 -.00000138  00000+0  00000+0 0  9999
2 33055   3.9116  76.4252 0004466  72.1217 280.6206  1.00270484 66455
TURKSAT 3A
1 33056U 08030B   26218.59253382  .00000150  00000+0  00000+0 0  9998
2 33056   0.0122  72.4692 0004551  49.8628  88.1163  1.00274082 52868
ECHOSTAR 11
1 33207U 08035A   26218.55099620 -.00000054  00000+0  00000+0 0  9994
2 33207   1.1295  83.5650 0002222  52.3592 267.7162  1.00271052 51719
SUPERBIRD-C2
1 33274U 08038A   26218.61116722 -.00000304  00000+0  00000+0 0  9999
2 33274   2.4852  80.6127 0006185  50.1739 180.3875  1.00272341106235
INMARSAT 4-F3
1 33278U 08039A   26218.53243148 -.00000138  00000+0  00000+0 0  9993
2 33278   4.3399  31.7166 0002511 121.7528 255.2680  1.00271661 47050
NIMIQ 4
1 33373U 08044A   26218.56800704 -.00000216  00000+0  00000+0 0  9992
2 33373   0.0090  30.2068 0001901 110.0843 297.2633  1.00270848 65482
GALAXY 19 (G-19)
1 33376U 08045A   26218.54874484 -.00000135  00000+0  00000+0 0  9990
2 33376   0.0607 260.8570 0002433 241.8158 272.9502  1.00272099 65408
ASTRA 1M
1 33436U 08057A   26218.58802713  .00000125  00000+0  00000+0 0  9998
2 33436   0.4203  82.8614 0004356  61.4833  41.8628  1.00272954 46247
EUTELSAT HOTBIRD 13C
1 33459U 08065A   26218.50292671 -.00000280  00000+0  00000+0 0  9993
2 33459   3.0739  78.5730 0003331  65.3284 301.8720  1.00273667 47853
EXPRESS-AM44
1 33595U 09007A   26218.36817653 -.00000087  00000+0  00000+0 0  9993
2 33595   3.5861  77.7681 0003728  53.6704 304.9988  1.00271703 52785
NSS-9
1 33749U 09008A   26218.59364958  .00000075  00000+0  00000+0 0  9991
2 33749   1.3861  82.1178 0001884  46.7592 223.0238  1.00272012 64025
TELSTAR 11N
1 34111U 09009A   26218.50535339 -.00000246  00000+0  00000+0 0  9991
2 34111   0.0659 264.4258 0002327 231.1632 323.8299  1.00270839 46753
WGS F2 (USA 204)
1 34713U 09017A   26218.45305809  .00000072  00000+0  00000+0 0  9995
2 34713   0.0172  93.5669 0000923 120.3665 321.6548  1.00273318 46122
SES-7 (PROTOSTAR 2)
1 34941U 09027A   26218.60562053 -.00000341  00000+0  00000+0 0  9992
2 34941   0.0371  74.0702 0000858 132.7491  74.6079  1.00270287 63135
MEASAT-3A
1 35362U 09032A   26218.54460692 -.00000106  00000+0  00000+0 0  9994
2 35362   0.0353 319.9058 0002310 170.4492 180.7808  1.00270639  8536
EWS-G3 (GOES 14)
1 35491U 09033A   26218.61277848 -.00000331  00000+0  00000+0 0  9995
2 35491   1.8141  82.3881 0002048  63.0832 140.8738  1.00085613  7096
FM-5
1 35493U 09034A   26218.56714037 -.00000196  00000+0  00000+0 0  9997
2 35493   0.0498 263.4611 0000891 113.1067  56.5340  1.00271806 47141
TERRESTAR-1
1 35496U 09035A   26218.58432517 -.00000055  00000+0  00000+0 0  9997
2 35496   5.2008  48.7388 0002335  75.4653 290.2608  1.00273392 62647
ASIASAT 5
1 35696U 09042A   26218.74669830 -.00000303  00000+0  00000+0 0  9991
2 35696   0.0338 252.1399 0001515 219.9549 212.5075  1.00271972 62219
JCSAT-12 (JCSAT-RA)
1 35755U 09044A   26218.61038722 -.00000323  00000+0  00000+0 0  9997
2 35755   0.0581 266.6201 0001305 301.1603  99.1594  1.00271497 62115
OPTUS D3
1 35756U 09044B   26218.47259323 -.00000140  00000+0  00000+0 0  9991
2 35756   0.9027 268.2058 0003913 230.1109 142.9539  1.00272260 62077
NIMIQ 5
1 35873U 09050A   26218.63989081 -.00000253  00000+0  00000+0 0  9992
2 35873   0.0628 264.9296 0002665 225.3546 342.5482  1.00272172 61858
AMAZONAS 2
1 35942U 09054A   26218.56991372 -.00000256  00000+0  00000+0 0  9994
2 35942   1.9398  82.3755 0003287  53.8602 312.0506  1.00271523 61699
COMSATBW-1
1 35943U 09054B   26218.59669383  .00000029  00000+0  00000+0 0  9999
2 35943   0.0552 198.3554 0002676 303.3436  91.2503  1.00270220 61816
NSS-12
1 36032U 09058A   26218.59548050  .00000076  00000+0  00000+0 0  9992
2 36032   0.0912 269.0760 0004198 190.2433 127.1594  1.00272125 61424
THOR 6
1 36033U 09058B   26218.58395378 -.00000006  00000+0  00000+0 0  9999
2 36033   0.0410 254.5903 0002437 277.5220 352.3755  1.00271411 61511
INTELSAT 14 (IS-14)
1 36097U 09064A   26218.43269132 -.00000269  00000+0  00000+0 0  9999
2 36097   0.0376  83.6997 0002364  62.8454 279.1931  1.00270168 61104
EUTELSAT 36B
1 36101U 09065A   26218.59426715  .00000116  00000+0  00000+0 0  9995
2 36101   0.6123  81.3443 0005833  56.3712  81.8277  1.00271966 61216
INTELSAT 15 (IS-15)
1 36106U 09067A   26218.60111385 -.00000181  00000+0  00000+0 0  9991
2 36106   0.0150  76.6712 0002101  61.0753 118.9334  1.00272562 41738
WGS F3 (USA 211)
1 36108U 09068A   26218.55864699  .00000043  00000+0  00000+0 0  9997
2 36108   0.2864  85.6123 0000132 168.4970 132.8772  1.00439841 47096
DIRECTV 12
1 36131U 09075A   26218.56384703 -.00000099  00000+0  00000+0 0  9997
2 36131   0.0050 149.2334 0000147  87.1205 179.0151  1.00268122 47054
BEIDOU-2 G1
1 36287U 10001A   26218.62511949 -.00000279  00000+0  00000+0 0  9991
2 36287   4.4065  60.2077 0001453 269.8345 350.6219  1.00270025 60671
SDO
1 36395U 10005A   26218.14161019 -.00000091  00000+0  00000+0 0  9993
2 36395  34.7510  85.5830 0001764  59.8308 118.3108  1.00276296 60560
INTELSAT 16 (IS-16)
1 36397U 10006A   26218.49781336 -.00000240  00000+0  00000+0 0  9990
2 36397   0.0135  31.7869 0002035 113.8563 272.3976  1.00271940 60152
EWS-G2 (GOES 15)
1 36411U 10008A   26218.59678050  .00000025  00000+0  00000+0 0  9998
2 36411   1.4113  82.1882 0005504  63.0697  87.9876  1.00272337 60142
ECHOSTAR 14
1 36499U 10010A   26218.56064034  .00000005  00000+0  00000+0 0  9993
2 36499   0.0554 262.9642 0001690 233.8881 261.1541  1.00271758 47054
SES-1
1 36516U 10016A   26218.55878441 -.00000110  00000+0  00000+0 0  9991
2 36516   0.0597 271.9413 0002347 227.7248 275.5901  1.00271245 59532
ASTRA 3B
1 36581U 10021A   26218.58889381  .00000140  00000+0  00000+0 0  9999
2 36581   1.5954  82.9084 0004145  38.0446  69.6904  1.00274647 59378
COMSATBW-2
1 36582U 10021B   26218.30173152  .00000095  00000+0  00000+0 0  9991
2 36582   0.0427 244.1023 0002508 280.2867 272.3359  1.00277367 59450
BEIDOU-2 G3
1 36590U 10024A   26218.59998718 -.00000134  00000+0  00000+0 0  9992
2 36590   4.6297  61.2606 0006289   2.4379 187.0636  1.00271931 59272
BADR-5
1 36592U 10025A   26218.59028047  .00000158  00000+0  00000+0 0  9999
2 36592   0.0336 133.3482 0005763  74.2566 350.5475  1.00279067 53722
COMS 1
1 36744U 10032A   26218.43126314  .00000084  00000+0  00000+0 0  9993
2 36744   4.9287  74.7353 0010886  17.9288 251.0380  0.99164011 51582
ARABSAT-5A
1 36745U 10032B   26218.59028047  .00000158  00000+0  00000+0 0  9997
2 36745   0.1647  73.2240 0005124  63.1386  61.7344  1.00271718 59154
ECHOSTAR 15
1 36792U 10034A   26218.56072700  .00000004  00000+0  00000+0 0  9993
2 36792   0.0597 270.1665 0001940 235.1417 252.8427  1.00273101 58822
BEIDOU-2 IGSO-1
1 36828U 10036A   26215.59061787 -.00000099  00000+0  00000+0 0  9993
2 36828  54.3069 162.5334 0058595 224.7524 243.6962  1.00258134 58579
NILESAT 201
1 36830U 10037A   26218.36895653 -.00000052  00000+0  00000+0 0  9991
2 36830   0.0317 211.0759 0005428 303.4352 286.2274  1.00272042 58874
RASCOM-QAF 1R
1 36831U 10037B   26218.37094987  .00000023  00000+0  00000+0 0  9991
2 36831   0.0238  95.9352 0005733  29.6893 325.6980  1.00272055 58800
AEHF-1 (USA 214)
1 36868U 10039A   26218.23370385  .00000148  00000+0  00000+0 0  9995
2 36868   8.3414  67.3825 0003722  67.3050 294.1512  1.00271918 54168
XM-5
1 37185U 10053A   26218.56142034 -.00000019  00000+0  00000+0 0  9996
2 37185   0.0635 267.9019 0001228 325.0714 169.0326  1.00271193 57989
BSAT-3B
1 37207U 10056B   26218.59734698 -.00000346  00000+0  00000+0 0  9993
2 37207   0.0741 253.1040 0003459 300.9033  86.0016  1.00270218 52602
BEIDOU-2 G4
1 37210U 10057A   26218.47328657 -.00000110  00000+0  00000+0 0  9998
2 37210   3.7659  68.6092 0006270 179.1741  37.6212  1.00272268 57798
SKYTERRA 1
1 37218U 10061A   26218.56410703 -.00000117  00000+0  00000+0 0  9992
2 37218   5.2280  50.7420 0001851  46.4423 319.6665  1.00274676 57704
HYLAS 1
1 37237U 10065A   26218.59660716 -.00000054  00000+0  00000+0 0  9991
2 37237   5.7655  72.3822 0002249 145.8975  14.2268  1.00650305  7394
INTELSAT 17 (IS-17)
1 37238U 10065B   26218.59730050  .00000003  00000+0  00000+0 0  9994
2 37238   0.0096  56.7775 0002537  86.4813  92.8864  1.00271324 53751
BEIDOU-2 IGSO-2
1 37256U 10068A   26218.66413679 -.00000173  00000+0  00000+0 0  9999
2 37256  47.4562 271.2011 0057589 214.4680 176.5787  1.00266218 57308
EUTELSAT KA-SAT 9A
1 37258U 10069A   26218.58603380  .00000066  00000+0  00000+0 0  9993
2 37258   0.0717 337.9173 0005064 175.4409  21.7384  1.00270041 44514
HISPASAT 30W-5
1 37264U 10070A   26218.43572468 -.00000210  00000+0  00000+0 0  9990
2 37264   0.0188 160.6553 0005608 351.1921 290.0216  1.00276098 53683
KOREASAT 6
1 37265U 10070B   26218.54460692 -.00000107  00000+0  00000+0 0  9993
2 37265   0.0029 317.1875 0002857 193.4375 160.4009  1.00272294 57270
BEIDOU-2 IGSO-3
1 37384U 11013A   26217.25471811 -.00000154  00000+0  00000+0 0  9997
2 37384  62.4767  39.6907 0036186 183.1734 287.7675  1.00255529 56152
INTELSAT 28 (IS-28)
1 37392U 11016A   26218.43537801 -.00000221  00000+0  00000+0 0  9997
2 37392   1.9302  81.9810 0003826  65.1024 292.9141  1.00272608 53782
YAHSAT 1A
1 37393U 11016B   26218.23821054  .00000107  00000+0  00000+0 0  9994
2 37393   0.0145  94.0457 0003185  37.1949 321.7803  1.00268812 42914
SBIRS GEO-1 (USA 230)
1 37481U 11019A   26218.59452716  .00000101  00000+0  00000+0 0  9993
2 37481   4.6450  53.0658 0001828  78.3352  89.5541  1.00272233 55909
GSAT-8
1 37605U 11022A   26218.59513383  .00000087  00000+0  00000+0 0  9996
2 37605   2.2554  81.1823 0003870 151.9105 351.3669  1.00271613 53725
ST-2
1 37606U 11022B   26218.42197499 -.00000207  00000+0  00000+0 0  9990
2 37606   0.0084 106.2971 0001552  60.4103  28.1458  1.00273783 55783
ZHONGXING-10
1 37677U 11026A   26216.10614001 -.00000180  00000+0  00000+0 0  9998
2 37677   1.1657  83.6358 0003528  35.6671 317.1111  1.00270698 55470
SES-3
1 37748U 11035A   26218.56384703 -.00000098  00000+0  00000+0 0  9990
2 37748   1.4512  82.4887 0002321  71.4705 261.1231  1.00271113 55094
KAZSAT-2
1 37749U 11035B   26218.45874814 -.00000193  00000+0  00000+0 0  9992
2 37749   0.0151 110.7689 0001037  98.6877 357.2008  1.00272306 53900
BEIDOU-2 IGSO-4
1 37763U 11038A   26218.31811159 -.00000032  00000+0  00000+0 0  9991
2 37763  54.6049 165.2287 0160258 231.3021 127.4569  1.00275427 55159
ASTRA 1N
1 37775U 11041A   26217.95392105  .00000126  00000+0  00000+0 0  9995
2 37775   0.0647  16.2926 0005843 115.1547 185.6753  1.00273710 45025
BSAT-3C (JCSAT-110R)
1 37776U 11041B   26218.59737494 -.00000346  00000+0  00000+0 0  9996
2 37776   0.0515 280.2074 0000339 324.1318  35.7932  1.00269341 50979
PAKSAT-1R
1 37779U 11042A   26216.95216752  .00000161  00000+0  00000+0 0  9991
2 37779   0.8093  84.0888 0002981   2.1306 248.0150  1.00271930 54960
SES-2
1 37809U 11049A   26218.56696704 -.00000191  00000+0  00000+0 0  9994
2 37809   0.1810  89.6745 0002675  44.1440 298.3825  1.00268678 54469
ARABSAT-5C
1 37810U 11049B   26218.58820046  .00000127  00000+0  00000+0 0  9994
2 37810   0.0495   3.3590 0003555 146.4797  37.0256  1.00269884 54544
EUTELSAT 7 WEST A
1 37816U 11051A   26218.36886986 -.00000055  00000+0  00000+0 0  9995
2 37816   0.0701 328.7382 0005232 179.7676 291.8976  1.00270547 54381
QUETZSAT 1
1 37826U 11054A   26218.56870038 -.00000237  00000+0  00000+0 0  9994
2 37826   0.0363 274.3939 0002598 231.1175 297.3285  1.00272934 50370
INTELSAT 18 (IS-18)
1 37834U 11056A   26218.58497428  .00000057  00000+0  00000+0 0  9994
2 37834   0.0473 262.1389 0002034 260.4713 183.0919  1.00272373 54313
EUTELSAT 16A
1 37836U 11057A   26218.58742046  .00000108  00000+0  00000+0 0  9993
2 37836   0.0492  41.8482 0005668  92.9747  47.7442  1.00271747  7840
VIASAT-1
1 37843U 11059A   26218.56142034 -.00000019  00000+0  00000+0 0  9994
2 37843   0.0115  95.7915 0002099  42.8385 263.4782  1.00271563 47828
ASIASAT 7
1 37933U 11069A   26218.74765164 -.00000330  00000+0  00000+0 0  9996
2 37933   0.0046 257.0771 0001438 208.2777 224.5494  1.00274163 45367
LUCH-5A
1 37951U 11074B   26218.40339785 -.00000050  00000+0  00000+0 0  9990
2 37951   8.8752  73.0613 0003223  95.4091  98.7671  1.00268719 53555
NIGCOMSAT 1R
1 38014U 11077A   26218.52138679  .00000149  00000+0  00000+0 0  9994
2 38014   0.0255 185.4613 0002356 153.7482 206.0711  1.00274251 53461
WGS F4 (USA 233)
1 38070U 12003A   26218.60172052 -.00000211  00000+0  00000+0 0  9999
2 38070   0.0165  79.4952 0001047 199.7394 340.9174  1.00272547 44657
SES-4
1 38087U 12007A   26218.36600985 -.00000163  00000+0  00000+0 0  9991
2 38087   0.0229  35.6024 0002656 107.9507 281.1091  1.00273852 52725
BEIDOU-2 G5
1 38091U 12008A   26216.74242781  .00000062  00000+0  00000+0 0  9990
2 38091   3.6890  69.3701 0006616 264.6899 305.3489  1.00277083 52858
MUOS-1
1 38093U 12009A   26218.52885800 -.00000125  00000+0  00000+0 0  9997
2 38093   5.5764  47.0744 0055455   4.2773 354.0788  1.00270359 52947
INTELSAT 22 (IS-22)
1 38098U 12011A   26218.59851384 -.00000054  00000+0  00000+0 0  9993
2 38098   0.0086  50.2227 0001906  89.5004 102.9456  1.00272562  7698
APSTAR-7
1 38107U 12013A   26218.17169808 -.00000096  00000+0  00000+0 0  9999
2 38107   0.0102 141.0028 0003363   8.0499 303.9672  1.00270951 52311
YAHSAT 1B
1 38245U 12016A   26218.59366049  .00000131  00000+0  00000+0 0  9996
2 38245   0.0936  89.2049 0002024  26.8525 100.3934  1.00268897 46113
AEHF-2 (USA 235)
1 38254U 12019A   26218.36704985 -.00000134  00000+0  00000+0 0  9993
2 38254   6.7636  57.0965 0002182  81.9295 291.4887  1.00270720  7499
JCSAT-13
1 38331U 12023A   26218.60874054 -.00000352  00000+0  00000+0 0  9998
2 38331   0.0455 261.8087 0002887 253.0811 143.4063  1.00271406 52044
VINASAT-2
1 38332U 12023B   26218.61030056 -.00000325  00000+0  00000+0 0  9996
2 38332   0.0397 281.7975 0002067 217.4753 167.4233  1.00270016 47164
NIMIQ 6
1 38342U 12026A   26218.56618704 -.00000169  00000+0  00000+0 0  9992
2 38342   0.0434 267.2774 0002813 232.8936 287.6547  1.00271094 50913
ZHONGXING-2A
1 38352U 12028A   26216.03738448 -.00000285  00000+0  00000+0 0  9992
2 38352   1.5722  83.2643 0001464  48.2117 292.8615  1.00272875 51779
INTELSAT 19 (IS-19)
1 38356U 12030A   26218.59191604 -.00000052  00000+0  00000+0 0  9991
2 38356   0.0167  75.8513 0002929  69.0347 189.3323  1.00271737 50957
ECHOSTAR 17
1 38551U 12035A   26218.42047126 -.00000070  00000+0  00000+0 0  9994
2 38551   0.0192  89.5671 0002053  46.0817 223.5775  1.00271146 51568
METEOSAT-10 (MSG-3)
1 38552U 12035B   26218.37034321 -.00000003  00000+0  00000+0 0  9998
2 38552   4.7855  60.7476 0000885  40.0531 347.6057  1.00274905 51363
SES-5
1 38652U 12036A   26218.37138321  .00000038  00000+0  00000+0 0  9992
2 38652   0.0471 314.1636 0001873 185.0011 314.4136  1.00269464 44964
INTELSAT 20 (IS-20)
1 38740U 12043A   26218.11032113 -.00000018  00000+0  00000+0 0  9991
2 38740   0.0166  97.7770 0000967  73.3152 251.7706  1.00269697 51247
HYLAS 2
1 38741U 12043B   26218.50162671 -.00000280  00000+0  00000+0 0  9999
2 38741   2.5510  80.4283 0001606 144.4658 213.4697  1.00534418 51271
INTELSAT 21 (IS-21)
1 38749U 12045A   26218.50145337 -.00000280  00000+0  00000+0 0  9999
2 38749   0.0548 263.1777 0001807 255.2208 279.1654  1.00271834 51021
ASTRA 2F
1 38778U 12051A   26218.58984714  .00000154  00000+0  00000+0 0  9995
2 38778   0.0796 258.8813 0003849 297.0216 359.7387  1.00272993 41643
GSAT-10
1 38779U 12051B   26218.61182043 -.00000160  00000+0  00000+0 0  9993
2 38779   0.0434 264.3456 0006810 200.6218 153.3985  1.00273225 50608
INTELSAT 23 (IS-23)
1 38867U 12057A   26218.50223338 -.00000280  00000+0  00000+0 0  9991
2 38867   0.0380 266.8426 0000894 320.7854 215.1972  1.00268382 50450
BEIDOU-2 G6
1 38953U 12059A   26218.60085385 -.00000174  00000+0  00000+0 0  9990
2 38953   4.5428  72.9639 0007847 329.6835 212.8306  1.00270152 50411
LUCH-5B
1 38977U 12061A   26218.29583815 -.00000137  00000+0  00000+0 0  9994
2 38977  10.5875  49.3683 0004772 151.0663 204.6395  1.00273807 50100
YAMAL 300K
1 38978U 12061B   26217.55636698  .00000078  00000+0  00000+0 0  9994
2 38978   0.0247 223.1361 0000127 227.9621 246.2506  1.00271612 50120
STAR ONE C3
1 38991U 12062A   26218.49807336 -.00000244  00000+0  00000+0 0  9999
2 38991   0.0179  84.4316 0002223  54.5921 280.3269  1.00269474 50266
EUTELSAT 21B
1 38992U 12062B   26218.58846046  .00000134  00000+0  00000+0 0  9998
2 38992   0.0677 353.2802 0003052 142.8974  52.3604  1.00272451 50334
ECHOSTAR 16
1 39008U 12065A   26218.50076003 -.00000277  00000+0  00000+0 0  9999
2 39008   0.0160  92.3892 0002059  39.6887 301.7295  1.00269341 50142
ZHONGXING-12
1 39017U 12067A   26218.74409829 -.00000202  00000+0  00000+0 0  9991
2 39017   0.0170 131.9705 0002747   6.7190 171.9435  1.00269970 50019
EUTELSAT 70B
1 39020U 12069A   26218.59816718 -.00000038  00000+0  00000+0 0  9996
2 39020   0.0655 343.0442 0003704 151.3952 106.5134  1.00269805 50019
YAMAL 402
1 39022U 12070A   26218.59513383  .00000089  00000+0  00000+0 0  9997
2 39022   1.3880  83.4877 0003442  50.3994  90.3896  1.00272601 49904
SKYNET 5D
1 39034U 12075A   26218.59470050  .00000103  00000+0  00000+0 0  9995
2 39034   0.0725 350.2005 0003538 163.3442  68.4415  1.00275093 49662
MEXSAT 3
1 39035U 12075B   26218.56150701 -.00000022  00000+0  00000+0 0  9992
2 39035   0.0005 232.8648 0000704 309.8035 219.7761  1.00275973  7553
TDRS 11
1 39070U 13004A   26218.54972028  .00000082  00000+0  00000+0 0  9991
2 39070   3.5955  32.0253 0004654  34.2192 272.2993  1.00271073 47199
AMAZONAS 3
1 39078U 13006A   26218.50084670 -.00000278  00000+0  00000+0 0  9992
2 39078   0.0590 251.6741 0003848 278.2208 264.4286  1.00269852 45410
AZERSPACE 1
1 39079U 13006B   26218.59331382  .00000138  00000+0  00000+0 0  9991
2 39079   0.0358 265.1184 0002459 267.1896  42.3861  1.00271099 49312
SBIRS GEO-2 (USA 241)
1 39120U 13011A   26218.50301338 -.00000284  00000+0  00000+0 0  9996
2 39120   4.5954  52.4883 0001901  78.8450 314.9850  1.00271614 49046
EUTELSAT 117 WEST A
1 39122U 13012A   26218.56107367 -.00000008  00000+0  00000+0 0  9995
2 39122   0.0488 272.6560 0002645 229.1319 258.4926  1.00270461 48932
ANIK G1
1 39127U 13014A   26218.56298035 -.00000070  00000+0  00000+0 0  9994
2 39127   0.0105 286.9243 0002123 227.9357 255.6150  1.00271399 48757
ZHONGXING-11
1 39157U 13020A   26218.74617830 -.00000287  00000+0  00000+0 0  9992
2 39157   0.0158  21.6221 0001930  75.8852 224.3054  1.00272006 48407
EUTELSAT 7B
1 39163U 13022A   26218.30043150  .00000053  00000+0  00000+0 0  9991
2 39163   0.0677 347.5197 0002319  66.8226  15.6390  1.00271776 48451
WGS F5 (USA 243)
1 39168U 13024A   26218.43121799 -.00000280  00000+0  00000+0 0  9991
2 39168   0.0126  83.7498 0000320 137.6590 196.2922  1.00269485 47673
SES-6
1 39172U 13026A   26218.50492006 -.00000257  00000+0  00000+0 0  9992
2 39172   0.0175  22.4928 0001921  90.7659 343.0622  1.00270251 48238
IRNSS-1A
1 39199U 13034A   26215.67202786  .00000072  00000+0  00000+0 0  9993
2 39199  35.8234  63.1887 0019015 179.5436   6.4373  1.00275427 47846
MUOS-2
1 39206U 13036A   26218.41016876 -.00000011  00000+0  00000+0 0  9996
2 39206   5.0932  45.5602 0054234 176.1170  52.9158  1.00270617 47694
ALPHASAT
1 39215U 13038A   26218.58915381  .00000138  00000+0  00000+0 0  9994
2 39215   3.0007   0.9622 0002942 163.2833  27.8401  1.00269931 44522
INSAT-3D
1 39216U 13038B   26218.60986722 -.00000336  00000+0  00000+0 0  9996
2 39216   2.0504  81.8769 0001012 109.8371 112.5066  1.00271663 47587
WGS F6 (USA 244)
1 39222U 13041A   26218.55743366  .00000093  00000+0  00000+0 0  9995
2 39222   0.0178  88.7136 0000298 157.3111 134.5485  1.00271616 46562
ES'HAIL 1
1 39233U 13044A   26218.58924047  .00000148  00000+0  00000+0 0  9991
2 39233   0.0501   2.3916 0002507 137.2843  53.0544  1.00272279 47137
GSAT-7
1 39234U 13044B   26218.59604215 -.00000073  00000+0  00000+0 0  9993
2 39234   0.2042  88.6800 0003832 166.7691 348.2560  1.00272006 45761
AMOS-4
1 39237U 13045A   26218.59712716  .00000012  00000+0  00000+0 0  9995
2 39237   0.0597 258.0633 0001801 203.0248 134.0038  1.00271156 47466
AEHF-3 (USA 246)
1 39256U 13050A   26218.42987847  .00000030  00000+0  00000+0 0  9993
2 39256   5.4155  66.7055 0089643 187.6644  91.1854  1.00267899 46158
ASTRA 2E
1 39285U 13056A   26218.58984714  .00000155  00000+0  00000+0 0  9996
2 39285   0.0759 310.5670 0002427 186.3000  59.0650  1.00272355 46926
FM-6
1 39360U 13058A   26218.56116034 -.00000011  00000+0  00000+0 0  9994
2 39360   0.0118  54.6517 0000207 156.4653 189.6114  1.00272064 46574
RADUGA-1M 3
1 39375U 13062A   26218.30571819  .00000154  00000+0  00000+0 0  9990
2 39375   6.0809  71.7022 0001909 282.8540 105.3185  1.00272777 46612
SES-8
1 39460U 13071A   26218.62901687 -.00000265  00000+0  00000+0 0  9994
2 39460   0.0562 267.8521 0002540 206.7866 161.9668  1.00271017 44930
INMARSAT 5-F1
1 39476U 13073A   26218.09764007  .00000033  00000+0  00000+0 0  9999
2 39476   0.0180  85.5159 0001508 102.6195 224.2875  1.00274114 46078
TKSAT-1 (TUPAC KATARI)
1 39481U 13075A   26218.56696704 -.00000190  00000+0  00000+0 0  9992
2 39481   0.0123 299.3733 0002358 187.3911 305.2619  1.00271899 46101
EXPRESS-AM5
1 39487U 13077A   26217.63679493 -.00000273  00000+0  00000+0 0  9995
2 39487   0.0442 270.5380 0000454 249.3682 163.5535  1.00270925 46852
GSAT-14
1 39498U 14001A   26218.59886051 -.00000073  00000+0  00000+0 0  9999
2 39498   0.0366 254.4473 0003520 316.2012  34.0811  1.00270968 45889
THAICOM 6
1 39500U 14002A   26218.59972718 -.00000115  00000+0  00000+0 0  9997
2 39500   0.0264 140.3981 0004526 356.7077 112.4003  1.00266913 45962
TDRS 12
1 39504U 14004A   26218.43347133 -.00000267  00000+0  00000+0 0  9991
2 39504   4.0275  19.8544 0005596 201.3365 208.7558  1.00264860 44782
ABS-2
1 39508U 14006A   26218.59903384 -.00000082  00000+0  00000+0 0  9995
2 39508   0.0044  30.1394 0002932  98.0608 117.5036  1.00271670 45783
ATHENA-FIDUS
1 39509U 14006B   26218.59166715  .00000158  00000+0  00000+0 0  9998
2 39509   0.0128 150.0696 0001534   4.3995  51.4604  1.00273105 45591
TURKSAT 4A
1 39522U 14007A   26218.59253382  .00000151  00000+0  00000+0 0  9994
2 39522   0.0786 279.5035 0001947 322.3867 328.5240  1.00270246 45473
EXPRESS-AT1
1 39612U 14010A   26218.59790718 -.00000035  00000+0  00000+0 0  9999
2 39612   0.3809  85.2467 0004870  64.5842  89.6516  1.00312790 45325
EXPRESS-AT2
1 39613U 14010B   26218.22212583  .00000084  00000+0  00000+0 0  9992
2 39613   0.0066  54.0366 0000072 188.2688 208.4141  1.00271346 45003
AMAZONAS 4A
1 39616U 14011A   26218.49824669 -.00000248  00000+0  00000+0 0  9992
2 39616   0.0649 208.5131 0005606 311.7969 260.1090  1.00270220 45213
ASTRA 5B
1 39617U 14011B   26218.58889381  .00000141  00000+0  00000+0 0  9996
2 39617   0.0774 297.5603 0002502 224.6635  28.3807  1.00270432 45179
IRNSS-1B
1 39635U 14017A   26216.94140975  .00000144  00000+0  00000+0 0  9992
2 39635  28.8409 239.5618 0021138 193.0468 274.7298  1.00271594 45286
LUCH-5V
1 39727U 14023A   26218.61442054 -.00000268  00000+0  00000+0 0  9998
2 39727   5.2520  69.1981 0002272 102.4043  99.4375  1.00275092 44860
KAZSAT-3
1 39728U 14023B   26218.59582716  .00000000  00000+0  00000+0 0  9999
2 39728   0.0234  62.4473 0000681 170.8269 354.8397  1.00264596 42967
EUTELSAT 3B
1 39773U 14030A   26218.37094987  .00000025  00000+0  00000+0 0  9998
2 39773   0.0656 341.0612 0003864 157.1023 313.3872  1.00269794 44570
ASIASAT 8 (AMOS-7)
1 40107U 14046A   26218.60510053 -.00000328  00000+0  00000+0 0  9998
2 40107   0.0153 313.8565 0001500 181.0249 143.3677  1.00268032102652
ASIASAT 6
1 40141U 14052A   26218.53663355 -.00000357  00000+0  00000+0 0  9991
2 40141   0.0366 268.1755 0000858 239.2184 120.7812  1.00270953 43589
OPTUS 10
1 40146U 14054A   26218.63880051 -.00000143  00000+0  00000+0 0  9996
2 40146   0.1132 339.4845 0001952 155.8648 205.7838  1.00271162 43532
MEASAT-3B
1 40147U 14054B   26217.85530812 -.00000235  00000+0  00000+0 0  9999
2 40147   0.0260  18.3844 0001938  93.1268 242.2999  1.00270818 43410
HIMAWARI-8
1 40267U 14060A   26218.60602880 -.00000272  00000+0  00000+0 0  9999
2 40267   0.0401 282.1279 0001251 264.7987 127.0166  1.00269431 43263
IRNSS-1C
1 40269U 14061A   26218.60068052 -.00000161  00000+0  00000+0 0  9996
2 40269   6.6420  87.9668 0021667   7.8599 158.4917  1.00268742 43197
INTELSAT 30 (IS-30)
1 40271U 14062A   26218.60153265 -.00000146  00000+0  00000+0 0  9994
2 40271   0.0158  62.9387 0001341 324.4164  49.2768  1.00270995  7295
ARSAT 1
1 40272U 14062B   26218.49868002 -.00000255  00000+0  00000+0 0  9995
2 40272   0.0385 276.7776 0001796 217.0976 288.8759  1.00270471 43129
EUTELSAT 53A
1 40277U 14064A   26217.26294819  .00000106  00000+0  00000+0 0  9999
2 40277   0.0077 265.9942 0002274 294.5851 260.9016  1.00272355 42063
GSAT-16
1 40332U 14078A   26218.59513383  .00000089  00000+0  00000+0 0  9993
2 40332   0.0477  86.5805 0006779  18.0670 119.8029  1.00272399 42611
DIRECTV 14
1 40333U 14078B   26218.53537359 -.00000120  00000+0  00000+0 0  9994
2 40333   0.0117  58.6016 0000589 313.3553  36.6096  1.00268323 42545
YAMAL 401
1 40345U 14082A   26218.66477731 -.00000224  00000+0  00000+0 0  9998
2 40345   0.0292 245.3635 0000727  94.8304 304.2640  1.00270641 42425
ASTRA 2G
1 40364U 14089A   26218.58984714  .00000154  00000+0  00000+0 0  9992
2 40364   0.0529  28.0171 0003554  56.1720 111.4534  1.00272666 42478
FENGYUN 2G
1 40367U 14090A   26218.60397387 -.00000302  00000+0  00000+0 0  9990
2 40367   5.7600  72.1929 0004341 169.7569  30.3366  1.00271659 42508
MUOS-3
1 40374U 15002A   26218.36722318 -.00000126  00000+0  00000+0 0  9995
2 40374   4.6154  43.6928 0055029 177.1685 210.7771  1.00272201 42093
INMARSAT 5-F2
1 40384U 15005A   26218.50206005 -.00000281  00000+0  00000+0 0  9997
2 40384   0.0186  86.5931 0000673 136.0117 218.1463  1.00269475 41490
ABS-3A
1 40424U 15010A   26218.36973653 -.00000022  00000+0  00000+0 0  9995
2 40424   0.0167  79.9043 0001586   1.0596   4.0252  1.00269668 41874
EUTELSAT 115 WEST B
1 40425U 15010B   26218.56150701 -.00000021  00000+0  00000+0 0  9998
2 40425   0.0081 212.0732 0000310 242.3459 307.9045  1.00272840 41889
EXPRESS-AM7
1 40505U 15012A   26218.59218715  .00000155  00000+0  00000+0 0  9999
2 40505   0.0034 266.8100 0002624 227.1177  74.4024  1.00276656 41512
BEIDOU-3S IGSO-1S
1 40549U 15019A   26216.67825853 -.00000162  00000+0  00000+0 0  9997
2 40549  49.1011 294.8772 0039173 198.9623 156.7808  1.00297721 41559
THOR 7
1 40613U 15022A   26218.58412712 -.00000004  00000+0  00000+0 0  9996
2 40613   0.0324 250.9121 0002424 247.7631  26.0655  1.00271039 41324
TURKMENALEM52E/MONACOSAT
1 40617U 15023A   26218.59452716  .00000108  00000+0  00000+0 0  9994
2 40617   0.0132 100.1863 0002622  41.0434  79.9716  1.00274176 41353
DIRECTV 15
1 40663U 15026A   26218.56384703 -.00000098  00000+0  00000+0 0  9994
2 40663   0.0248  86.1993 0000113 318.7641  10.2284  1.00268846 40967
SKY MEXICO-1
1 40664U 15026B   26218.56861372 -.00000230  00000+0  00000+0 0  9995
2 40664   0.0081  49.8315 0002532 104.7728 286.4027  1.00271742 40953
METEOSAT-11 (MSG-4)
1 40732U 15034A   26218.58612046  .00000067  00000+0  00000+0 0  9991
2 40732   3.3237  70.7714 0001912 358.6177 106.2670  1.00278901  7728
STAR ONE C4
1 40733U 15034B   26218.49902669 -.00000260  00000+0  00000+0 0  9991
2 40733   0.0447 294.8684 0001066 206.0053 283.8117  1.00270081 40513
WGS F7 (USA 263)
1 40746U 15036A   26218.58844645  .00000021  00000+0  00000+0 0  9990
2 40746   0.0089  73.6196 0000355 168.7768  99.5613  1.00266758 40370
INTELSAT 34 (IS-34)
1 40874U 15039A   26218.50197338 -.00000281  00000+0  00000+0 0  9996
2 40874   0.0096  18.4708 0000105 342.2550  79.5230  1.00270250 40136
EUTELSAT 8 WEST B
1 40875U 15039B   26218.58265377 -.00000061  00000+0  00000+0 0  9990
2 40875   0.0647 359.2947 0003688 130.2000  27.3693  1.00271796 40167
GSAT-6
1 40880U 15041A   26217.74511456 -.00000154  00000+0  00000+0 0  9991
2 40880   2.0431  81.9489 0002910  49.3726 173.6973  1.00270085 40096
INMARSAT 5-F3
1 40882U 15042A   26218.58497428  .00000054  00000+0  00000+0 0  9997
2 40882   0.0190  87.0119 0000478 281.8288 336.4312  1.00271730 40070
MUOS-4
1 40887U 15044A   26218.59903384 -.00000090  00000+0  00000+0 0  9999
2 40887   4.4218  42.4795 0055053   4.0451 199.2469  1.00271370 40062
TJS-1
1 40892U 15046A   26217.18924016 -.00000148  00000+0  00000+0 0  9990
2 40892   0.4436  84.6169 0004523  35.3029  56.9342  1.00273078 40069
EXPRESS-AM8
1 40895U 15048A   26218.43875802 -.00000107  00000+0  00000+0 0  9997
2 40895   0.0191 300.6294 0000062 170.6972 347.5961  1.00271003 39857
BEIDOU-3S IGSO-2S
1 40938U 15053A   26214.59725278 -.00000074  00000+0  00000+0 0  9998
2 40938  49.1518 258.2267 0066355 193.9763 165.8677  1.00249594 39814
SKY MUSTER 1 (NBN1A)
1 40940U 15054A   26218.54070691  .00000000  00000+0  00000+0 0  9991
2 40940   0.0108  94.5073 0001571  45.9066 149.5708  1.00269495 39765
ARSAT 2
1 40941U 15054B   26218.56818037 -.00000220  00000+0  00000+0 0  9993
2 40941   0.0373 273.6253 0001978 215.6447 309.3728  1.00270569 39807
MORELOS 3
1 40946U 15056A   26218.34562948 -.00000039  00000+0  00000+0 0  9991
2 40946   3.2298  16.3300 0001533 183.0139 126.8580  1.00271884 39787
APSTAR-9
1 40982U 15059A   26215.97475837 -.00000257  00000+0  00000+0 0  9992
2 40982   0.0316 312.8318 0002204 208.2364 284.3963  1.00269231 39588
TURKSAT 4B
1 40984U 15060A   26218.59409382  .00000120  00000+0  00000+0 0  9997
2 40984   0.0103 327.1504 0002249 159.5563  92.2761  1.00269192 39609
ZHONGXING-2C
1 41021U 15063A   26218.78564543 -.00000320  00000+0  00000+0 0  9998
2 41021   0.3977  88.0293 0008771 104.5085 149.0304  1.00268439 39480
GSAT-15
1 41028U 15065A   26218.61097160 -.00000253  00000+0  00000+0 0  9990
2 41028   0.0632 264.4089 0002387 198.1654 166.0273  1.00271332 39304
BADR-7 (ARABSAT-6B)
1 41029U 15065B   26218.58932714  .00000149  00000+0  00000+0 0  9993
2 41029   0.0394 235.1298 0005626 335.3940 342.7303  1.00271450 39273
LAOSAT 1
1 41034U 15067A   26218.60969389 -.00000339  00000+0  00000+0 0  9994
2 41034   0.0561 269.5060 0002329 170.3208 223.3174  1.00270847 39363
TELSTAR 12V
1 41036U 15068A   26218.43867135 -.00000114  00000+0  00000+0 0  9995
2 41036   0.0019 100.6012 0002272  45.5294 311.7628  1.00271516 39135
ELEKTRO-L 2
1 41105U 15074A   26218.43875802 -.00000117  00000+0  00000+0 0  9992
2 41105   6.8143  69.8925 0001129 192.2532 196.3251  1.00271515 39013
COSMOS 2513
1 41121U 15075A   26217.10309311 -.00000130  00000+0  00000+0 0  9996
2 41121   0.0456 106.7646 0001941 357.1109 327.1489  1.00272500 39033
EXPRESS-AMU1
1 41191U 15082A   26218.59140714  .00000160  00000+0  00000+0 0  9997
2 41191   0.0173  87.6034 0002264  59.0740  57.4274  1.00270612 38779
GAOFEN-4
1 41194U 15083A   26218.74773831 -.00000331  00000+0  00000+0 0  9991
2 41194   0.4815  83.7779 0004297 128.3906 118.0043  1.00270318 39035
BELINTERSAT-1
1 41238U 16001A   26218.59444050  .00000111  00000+0  00000+0 0  9997
2 41238   0.0174 100.2542 0001713 339.2708 141.0992  1.00269764 38743
IRNSS-1E
1 41241U 16003A   26217.46591956 -.00000303  00000+0  00000+0 0  9990
2 41241  33.3395  59.0346 0019625 176.3909 358.0185  1.00268329 38579
EUTELSAT 9B
1 41310U 16005A   26218.58603380  .00000066  00000+0  00000+0 0  9993
2 41310   0.0179  48.3848 0001588 112.0201  14.6900  1.00269146 38620
SES-9
1 41380U 16013A   26218.53438022 -.00000340  00000+0  00000+0 0  9999
2 41380   0.0315 286.5718 0001998 192.3296 136.8444  1.00270642 37948
EUTELSAT 65 WEST A
1 41382U 16014A   26218.49998003 -.00000272  00000+0  00000+0 0  9991
2 41382   0.0602 320.1095 0002248 177.0379 292.6930  1.00270883 38021
IRNSS-1F
1 41384U 16015A   26218.23422385  .00000159  00000+0  00000+0 0  9994
2 41384   5.4707  95.6291 0018033 178.9915 156.9862  1.00277206 38162
BEIDOU-2 IGSO-6
1 41434U 16021A   26218.46056815 -.00000137  00000+0  00000+0 0  9990
2 41434  60.3022  37.5418 0059672 228.0463 310.3030  1.00288874 37988
IRNSS-1G
1 41469U 16027A   26218.60986722 -.00000335  00000+0  00000+0 0  9999
2 41469   5.3162  96.3115 0005229  31.3135 176.4905  1.00276600 37680
JCSAT-2B
1 41471U 16028A   26218.54339359 -.00000161  00000+0  00000+0 0  9991
2 41471   0.0182  90.8586 0000850  47.3268 166.5168  1.00270785 37631
THAICOM 8
1 41552U 16031A   26217.74433455 -.00000114  00000+0  00000+0 0  9996
2 41552   0.0659  39.7854 0002178  48.5776 212.3924  1.00271524 37218
INTELSAT 31 (IS-31)
1 41581U 16035A   26218.60153265 -.00000146  00000+0  00000+0 0  9991
2 41581   0.0314 253.9730 0001368  54.2739 128.3865  1.00269782 37183
BEIDOU-2 G7
1 41586U 16037A   26218.74869164 -.00000351  00000+0  00000+0 0  9993
2 41586   1.8394  69.5909 0005516   0.6169 265.1707  1.00272263  7398
ABS-2A (MONGOLSAT-1)
1 41588U 16038A   26218.59903384  .00000000  00000+0  00000+0 0  9992
2 41588   0.0102  93.0678 0001744 355.1420 157.3085  1.00270538 37218
EUTELSAT 117 WEST B
1 41589U 16038B   26218.56107367 -.00000007  00000+0  00000+0 0  9995
2 41589   0.0075 213.6703 0000359 220.7149 325.6925  1.00269842 37166
BRISAT
1 41591U 16039A   26218.47146656  .00000000  00000+0  00000+0 0  9995
2 41591   0.0107  80.5990 0002106  61.6531 132.9695  1.00269851 37111
ECHOSTAR 18
1 41592U 16039B   26218.50076003 -.00000277  00000+0  00000+0 0  9995
2 41592   0.0183  93.1393 0001461  52.1302 288.6876  1.00272710 37126
MUOS-5
1 41622U 16041A   26218.55177846 -.00000114  00000+0  00000+0 0  9994
2 41622   2.1004 302.6729 0201462 260.6136 205.4049  1.00271350 37599
TIANTONG-1 1
1 41725U 16048A   26216.10934669 -.00000310  00000+0  00000+0 0  9996
2 41725   3.9386  43.7396 0004256  68.0986 341.6099  1.00271276 36755
JCSAT-16
1 41729U 16050A   26218.54140024 -.00000246  00000+0  00000+0 0  9995
2 41729   0.0183  93.1173 0000894  58.7588 142.0500  1.00271568 36576
USA 270
1 41744U 16052A   26215.61508759 -.00000346  00000+0  00000+0 0  9993
2 41744   4.3152  76.5722 0009943 104.7084 117.8152  1.00257187 28607
USA 271
1 41745U 16052B   26216.08239147 -.00000284  00000+0  00000+0 0  9999
2 41745   4.2891  76.6364 0013048 166.1850 197.4720  1.00269219 28406
INTELSAT 36 (IS-36)
1 41747U 16053A   26217.79697443 -.00000018  00000+0  00000+0 0  9993
2 41747   0.0096  41.4993 0002431 302.0806 326.1705  1.00270724 36454
INSAT-3DR
1 41752U 16054A   26218.38490326 -.00000072  00000+0  00000+0 0  9997
2 41752   0.0246 102.3954 0010976 164.5717 260.5298  1.00272524 36320
GSAT-18
1 41793U 16060A   26217.15739069 -.00000069  00000+0  00000+0 0  9999
2 41793   0.0151 113.5410 0004775 328.3454   2.4548  1.00271061 36011
SKY MUSTER 2 (NBN1B)
1 41794U 16060B   26218.54157358 -.00000240  00000+0  00000+0 0  9990
2 41794   0.0094 108.0249 0001516  37.9721 148.8407  1.00270154 36029
HIMAWARI-9
1 41836U 16064A   26218.60602866 -.00000271  00000+0  00000+0 0  9991
2 41836   0.0032 154.4456 0001376  22.3686 137.2603  1.00270017 35718
SHIJIAN-17 (SJ-17)
1 41838U 16065A   26213.84155154 -.00000112  00000+0  00000+0 0  9992
2 41838   5.8632  72.0429 0002056  54.5937 295.4884  0.99871424 35653
GOES 16
1 41866U 16071A   26218.56350035 -.00000087  00000+0  00000+0 0  9990
2 41866   0.4558  85.2134 0001182 114.2776 213.7503  1.00270693 35605
TIANLIAN 1-04
1 41869U 16072A   26218.25789194  .00000035  00000+0  00000+0 0  9994
2 41869   0.9934  82.5771 0045698  92.6615  49.2190  1.00269269 35802
WGS F8 (USA 272)
1 41879U 16075A   26218.37058568 -.00000198  00000+0  00000+0 0  9996
2 41879   0.0210  74.0188 0000114 280.1763 243.9208  1.00269897 35328
FENGYUN 4A
1 41882U 16077A   26216.04906201 -.00000349  00000+0  00000+0 0  9998
2 41882   2.4380  79.7143 0007590 164.1036 210.2564  1.00274374 35416
ECHOSTAR 19
1 41893U 16079A   26218.56497369 -.00000134  00000+0  00000+0 0  9993
2 41893   0.0174  96.1068 0001321  45.8087 279.4757  1.00270008 35207
JCSAT-110A (JCSAT-15)
1 41903U 16082A   26218.61289988 -.00000346  00000+0  00000+0 0  9996
2 41903   0.0183  92.6660 0000649  77.1483 116.0493  1.00270797 35262
STAR ONE D1
1 41904U 16082B   26218.56757370 -.00000207  00000+0  00000+0 0  9992
2 41904   0.0104  32.9950 0001979  89.4596 312.9745  1.00273070 35278
TJS-2
1 41911U 17001A   26214.73213269  .00000001  00000+0  00000+0 0  9992
2 41911   0.9473  84.6847 0001109 116.6233  80.1273  1.00270798 35183
SBIRS GEO-4 (USA 273)
1 41937U 17004A   26218.58863380  .00000131  00000+0  00000+0 0  9999
2 41937   2.3383  44.4746 0002536  87.0495  57.6242  1.00273397 35100
HISPASAT 36W-1
1 41942U 17006A   26218.43451133 -.00000240  00000+0  00000+0 0  9992
2 41942   0.0301 289.0326 0001095 208.2940 298.0748  1.00271632 34744
TELKOM 3S
1 41944U 17007A   26218.60761388 -.00000358  00000+0  00000+0 0  9990
2 41944   0.0156  98.7036 0002204  45.4631 147.7053  1.00269040 34646
INTELSAT 32E (IS-32E)
1 41945U 17007B   26218.50440006 -.00000264  00000+0  00000+0 0  9997
2 41945   0.0037 246.9772 0000664 124.9813  81.4773  1.00270889 34738
ECHOSTAR 23
1 42070U 17014A   26218.56246035 -.00000052  00000+0  00000+0 0  9992
2 42070   0.0190  90.1482 0001899  42.5556 274.9767  1.00268015 34421
WGS F9 (USA 275)
1 42075U 17016A   26218.36800319  .00000000  00000+0  00000+0 0  9990
2 42075   0.0130  82.3782 0000316 165.4821 187.5241  1.00269066 34398
SES-10
1 42432U 17017A   26218.57095373 -.00000268  00000+0  00000+0 0  9994
2 42432   0.0148  55.4979 0002567  85.7619 312.4850  1.00271105 34260
CHINASAT 16 (SJ-13)
1 42662U 17018A   26217.04504186 -.00000344  00000+0  00000+0 0  9993
2 42662   0.0750  90.0285 0006077 131.8343 218.5021  1.00271809 34230
KOREASAT 7
1 42691U 17023A   26218.60718054 -.00000357  00000+0  00000+0 0  9999
2 42691   0.0230  32.1309 0000978  91.8952 165.5787  1.00270631 33875
SGDC
1 42692U 17023B   26218.33331623 -.00000244  00000+0  00000+0 0  9998
2 42692   0.0172  52.6733 0002152  92.4118 214.9276  1.00271130 33907
GSAT-9
1 42695U 17024A   26218.60345387 -.00000282  00000+0  00000+0 0  9996
2 42695   0.0820 263.7469 0001958 237.5234 128.4297  1.00274008 33803
INMARSAT 5-F4
1 42698U 17025A   26218.59539383  .00000080  00000+0  00000+0 0  9994
2 42698   0.0182  85.1955 0000891 102.5475  38.2128  1.00269242 33788
SES-15
1 42709U 17026A   26218.55864699  .00000064  00000+0  00000+0 0  9997
2 42709   0.0385 291.4034 0000680 232.9748 222.6831  1.00274242  7937
QZS-2 (MICHIBIKI-2)
1 42738U 17028A   26218.38169590 -.00000080  00000+0  00000+0 0  9999
2 42738  39.3552 242.4128 0755354 269.9003  82.4901  1.00271088  8137
VIASAT-2
1 42740U 17029A   26218.57034705 -.00000261  00000+0  00000+0 0  9994
2 42740   0.0129 324.1575 0000392 240.7043 245.6540  1.00270463 33704
EUTELSAT 172B
1 42741U 17029B   26218.59191604 -.00000001  00000+0  00000+0 0  9991
2 42741   0.0284 120.7406 0000173 114.4585 105.0146  1.00271479 34244
GSAT-19
1 42747U 17031A   26217.21294800  .00000133  00000+0  00000+0 0  9995
2 42747   0.0876  89.4139 0005645  17.7633 331.1110  1.00271366 33639
ECHOSTAR 21
1 42749U 17032A   26218.58620713  .00000072  00000+0  00000+0 0  9997
2 42749   1.7728 358.8729 0002198 140.0628  37.4693  1.00272018 33601
BULGARIASAT-1
1 42801U 17038A   26218.58447378  .00000016  00000+0  00000+0 0  9994
2 42801   0.0261 241.5063 0002975 259.9525  25.9710  1.00273230 33353
HELLAS-SAT 3
1 42814U 17040A   26218.59192715  .00000157  00000+0  00000+0 0  9990
2 42814   0.0442  40.2602 0002954  40.8256 126.1428  1.00268535 33314
GSAT-17
1 42815U 17040B   26218.61097113  .00000000  00000+0  00000+0 0  9997
2 42815   0.0254  80.4082 0002750 173.9418  14.2487  1.00270544 33298
INTELSAT 35E (IS-35E)
1 42818U 17041A   26218.43477133 -.00000233  00000+0  00000+0 0  9994
2 42818   0.0167  86.5394 0002002  55.2978 295.1597  1.00271005 33318
COSMOS 2520
1 42907U 17046A   26218.25183501  .00000142  00000+0  00000+0 0  9999
2 42907   0.0252 107.1999 0000243  15.9212 327.3293  1.00272316 32891
TDRS 13
1 42915U 17047A   26218.33409458 -.00000094  00000+0  00000+0 0  9997
2 42915   3.4668   3.9115 0014648 116.2049 303.6592  1.00271745 32858
QZS-3 (MICHIBIKI-3)
1 42917U 17048A   26218.77231023 -.00000344  00000+0  00000+0 0  9997
2 42917   0.0568 154.9426 0002048 358.9629 206.4605  1.00271598 32765
AMAZONAS 5
1 42934U 17053A   26216.55040581 -.00000274  00000+0  00000+0 0  9995
2 42934   0.0414 295.9092 0000937 206.3449 308.0070  1.00268951 32539
ASIASAT 9
1 42942U 17057A   26217.03794832 -.00000352  00000+0  00000+0 0  9994
2 42942   0.0173  74.7722 0002221  52.9040 321.6711  1.00271099 32342
INTELSAT 37E (IS-37E)
1 42950U 17059A   26218.36678985 -.00000136  00000+0  00000+0 0  9992
2 42950   0.0167  88.1978 0002978  66.2717 274.4820  1.00270961 32561
BSAT-4A
1 42951U 17059B   26218.00904412 -.00000344  00000+0  00000+0 0  9992
2 42951   0.0357  20.3584 0002712  70.2931 336.9883  1.00271423 32290
QZS-4 (MICHIBIKI-4)
1 42965U 17062A   26217.63183311 -.00000305  00000+0  00000+0 0  9993
2 42965  40.0778 342.8575 0747988 268.8903  69.9610  1.00284301 32293
SES-11 (ECHOSTAR 105)
1 42967U 17063A   26218.56341368 -.00000085  00000+0  00000+0 0  9992
2 42967   0.0207 350.5321 0002747 155.5217 266.9105  1.00270749 32222
KOREASAT 5A
1 42984U 17067A   26218.60666054 -.00000354  00000+0  00000+0 0  9991
2 42984   0.0177  52.2348 0000778  79.9600 154.4900  1.00270549 32030
ALCOMSAT 1
1 43039U 17078A   26218.36540318 -.00000181  00000+0  00000+0 0  9990
2 43039   0.0121  68.7158 0002292  71.8588 281.0754  1.00271605 31791
SBIRS GEO-3 (USA 282)
1 43162U 18009A   26218.55266697  .00000132  00000+0  00000+0 0  9993
2 43162   2.2224  14.3477 0001832 127.3136 212.9878  1.00271718 31348
AL YAH 3
1 43174U 18012A   26218.43763135 -.00000152  00000+0  00000+0 0  9999
2 43174   1.6757  82.4659 0003456  55.0902 314.8627  1.00271592 31350
SES-14
1 43175U 18012B   26218.50353338 -.00000274  00000+0  00000+0 0  9993
2 43175   0.0114  40.1560 0001034 105.6951 302.9611  1.00269917  7531
GOES 17
1 43226U 18022A   26218.56653370 -.00000179  00000+0  00000+0 0  9990
2 43226   1.0608  84.8987 0000842 104.8383 239.8228  1.00271231 30924
HISPASAT 30W-6
1 43228U 18023A   26218.00799522 -.00000210  00000+0  00000+0 0  9998
2 43228   0.0396  54.2602 0004563  53.9323 179.2516  1.00271902 30906
SUPERBIRD-B3
1 43271U 18033A   26218.54504025 -.00000088  00000+0  00000+0 0  9991
2 43271   0.0184 308.5473 0001355 216.0275 148.7244  1.00271346 30567
HYLAS 4
1 43272U 18033B   26218.43503133 -.00000229  00000+0  00000+0 0  9996
2 43272   0.0492 261.8792 0000798 275.9513 260.2528  1.00271286 30562
IRNSS-1I
1 43286U 18035A   26218.16745140  .00000070  00000+0  00000+0 0  9992
2 43286  28.8671  73.4166 0018923 176.5939 180.0729  1.00270771 30574
USA 283
1 43339U 18036A   26218.46819484  .00000000  00000+0  00000+0 0  9991
2 43339   0.0151  92.6858 0000918 136.8515  28.1196  1.00270043 25793
COSMOS 2526
1 43432U 18037A   26217.19489166 -.00000336  00000+0  00000+0 0  9998
2 43432   0.0264 101.6975 0000271  93.0093 317.2733  1.00274673 30451
APSTAR-6C
1 43450U 18041A   26214.19098410 -.00000310  00000+0  00000+0 0  9990
2 43450   0.0588 282.6090 0000675 296.3150 294.6341  1.00273550 30274
BANGABANDHUSAT-1
1 43463U 18044A   26218.76679405 -.00000359  00000+0  00000+0 0  9996
2 43463   0.0092 135.4706 0002322  18.5532 196.4077  1.00269637 30216
SES-12
1 43488U 18049A   26218.38914995 -.00000265  00000+0  00000+0 0  9998
2 43488   0.0156   3.5895 0001338 235.8168 310.6047  1.00272529 29920
FENGYUN 2H
1 43491U 18050A   26216.10484000 -.00000120  00000+0  00000+0 0  9991
2 43491   3.1486  78.5021 0002167 141.4406 209.4753  1.00275888 29914
BEIDOU-2 IGSO-7
1 43539U 18057A   26197.82826650 -.00000084  00000+0  00000+0 0  9998
2 43539  55.1987 162.7987 0104914 237.9691 299.1450  1.00242392 29427
TELSTAR 19V
1 43562U 18059A   26218.57173373 -.00000275  00000+0  00000+0 0  9991
2 43562   0.0216 164.7541 0002871 344.2793 308.9013  1.00270467 29652
TELKOM 4 (MERAH PUTIH)
1 43587U 18064A   26218.59935497 -.00000339  00000+0  00000+0 0  9990
2 43587   0.0156  97.7568 0001269  67.3320 113.8016  1.00269511 29389
TELSTAR 18V
1 43611U 18069A   26218.61151389 -.00000290  00000+0  00000+0 0  9992
2 43611   0.0025  45.3288 0001848  99.2963 168.6654  1.00269686 29143
AZERSPACE 2 (IS-38)
1 43632U 18074A   26218.16545806  .00000142  00000+0  00000+0 0  9997
2 43632   0.0187  84.1718 0001364  62.5208 272.6861  1.00271340 28945
HORIZONS-3E
1 43633U 18074B   26217.98586192 -.00000024  00000+0  00000+0 0  9990
2 43633   0.0347 253.3184 0000270 352.4832 232.6403  1.00270691 28845
AEHF-4 (USA 288)
1 43651U 18079A   26217.50168619 -.00000266  00000+0  00000+0 0  9991
2 43651   1.4172 358.6286 0066279   0.9682  67.4196  1.00267750 28796
BEIDOU-3 G1
1 43683U 18085A   26216.03959275 -.00000101  00000+0  00000+0 0  9994
2 43683   2.5101  96.0535 0007333  10.5535  20.3046  1.00270778 28544
GSAT-29
1 43698U 18089A   26218.59513383  .00000089  00000+0  00000+0 0  9997
2 43698   0.0208  96.0417 0002702  25.3365 103.0924  1.00274841 28291
ES'HAIL 2
1 43700U 18090A   26218.51792012  .00000149  00000+0  00000+0 0  9990
2 43700   0.0076 114.2722 0002584  61.1120 351.9117  1.00273125 28185
GEO-KOMPSAT-2A
1 43823U 18100A   26218.60960722 -.00000340  00000+0  00000+0 0  9997
2 43823   0.0166  67.5334 0001905  39.6626 195.6624  1.00270185 28131
GSAT-11
1 43824U 18100B   26217.74346788 -.00000070  00000+0  00000+0 0  9992
2 43824   0.0792 265.0244 0007534 201.2519 189.6477  1.00271077 27975
GSAT-7A
1 43864U 18105A   26218.59669383  .00000031  00000+0  00000+0 0  9990
2 43864   0.0762 263.3523 0001413 226.2493 103.1339  1.00269491 27958
COSMOS 2533
1 43867U 18107A   26217.17234009 -.00000031  00000+0  00000+0 0  9992
2 43867   0.0195 119.9952 0000149 105.1230 220.6543  1.00273152 27931
TJS-3
1 43874U 18110A   26218.61604002 -.00000214  00000+0  00000+0 0  9991
2 43874   2.6690  79.8606 0003035 109.9105 135.3817  1.00273871 27920
ZHONGXING-2D
1 43920U 19001A   26218.75250500 -.00000333  00000+0  00000+0 0  9990
2 43920   0.0498 262.4869 0000494  50.5571  43.1784  1.00270324 54586
HELLAS-SAT 4 & SGS-1
1 44034U 19007A   26218.59192715  .00000157  00000+0  00000+0 0  9991
2 44034   0.0644 126.6437 0006118  23.3996  57.1748  1.00271573 27870
GSAT-31
1 44035U 19007B   26218.59366049  .00000129  00000+0  00000+0 0  9994
2 44035   0.1050 266.0260 0001724 331.9506 338.7447  1.00272482 27479
NUSANTARA SATU
1 44048U 19009A   26218.54183358 -.00000230  00000+0  00000+0 0  9999
2 44048   0.0274 123.0958 0004701  14.7534 158.2773  1.00269527 27272
ZHONGXING-6C
1 44067U 19012A   26215.97250502 -.00000327  00000+0  00000+0 0  9991
2 44067   0.0458  63.1525 0014726 354.6470  15.2773  1.00269263 27217
WGS 10 (USA 291)
1 44071U 19014A   26217.83465559  .00000052  00000+0  00000+0 0  9999
2 44071   0.0162  95.6115 0000077 330.4186 249.1217  1.00276648 27114
TIANLIAN 2-01
1 44076U 19017A   26218.59946718 -.00000103  00000+0  00000+0 0  9990
2 44076   0.6641  82.9289 0002231 100.0199  65.0116  1.00271344 27152
ARABSAT-6A
1 44186U 19021A   26218.59028047  .00000158  00000+0  00000+0 0  9992
2 44186   0.0446   4.1535 0003150 252.1367 301.8210  1.00274943 26667
BEIDOU-3 IGSO-1
1 44204U 19023A   26218.39403781 -.00000197  00000+0  00000+0 0  9999
2 44204  58.7671  37.1356 0026236 223.0870 316.0414  1.00276624  7718
BEIDOU-2 G8
1 44231U 19027A   26215.90401591 -.00000239  00000+0  00000+0 0  9991
2 44231   1.7733  74.4748 0009419 284.3640  63.5897  1.00275057 26554
YAMAL 601
1 44307U 19031A   26217.80947554  .00000126  00000+0  00000+0 0  9999
2 44307   0.0157 104.7994 0002415  34.5104 155.4578  1.00272103 26421
AT&T T-16
1 44333U 19034A   26217.58960963 -.00000108  00000+0  00000+0 0  9996
2 44333   0.0149  86.9297 0000492 259.5998  79.0047  1.00271176 26129
EUTELSAT 7C
1 44334U 19034B   26217.94399685  .00000055  00000+0  00000+0 0  9994
2 44334   0.0769 178.9835 0003360 304.6195 177.7151  1.00272836  7334
BEIDOU-3 IGSO-2
1 44337U 19035A   26216.64040870 -.00000116  00000+0  00000+0 0  9992
2 44337  55.2517 158.4382 0039323 212.5842 291.7420  1.00285703 26158
COSMOS 2539
1 44457U 19048A   26218.58655380  .00000085  00000+0  00000+0 0  9996
2 44457   0.0211 113.4277 0000342  73.4402 351.4025  1.00268925 25734
EDRS-C
1 44475U 19049A   26218.54114024 -.00000258  00000+0  00000+0 0  9991
2 44475   0.0254 198.0665 0000981 311.8695 142.4436  1.00270367 25718
INTELSAT 39 (IS-39)
1 44476U 19049B   26218.22212583  .00000039  00000+0  00000+0 0  9992
2 44476   0.0156  85.5429 0000492 247.6343 123.4885  1.00270774 25631
AMOS-17
1 44479U 19050A   26218.58759380  .00000113  00000+0  00000+0 0  9990
2 44479   0.0358 305.2342 0001902 215.7843  22.6155  1.00271108 25690
AEHF-5 (USA 292)
1 44481U 19051A   26218.10379344 -.00000248  00000+0  00000+0 0  9990
2 44481   1.4156 340.0580 0064403 355.7186 109.2115  1.00266474 25761
EUTELSAT 5 WEST B
1 44624U 19067A   26218.58326045 -.00000038  00000+0  00000+0 0  9995
2 44624   0.0846 312.1697 0003115 188.7165  19.1948  1.00271909 24934
TJS-4
1 44637U 19070A   26216.10579334 -.00000160  00000+0  00000+0 0  9996
2 44637   0.0618 258.9173 0001239 324.1505 211.2150  1.00268278 25015
BEIDOU-3 IGSO-3
1 44709U 19073A   26216.57609861 -.00000174  00000+0  00000+0 0  9994
2 44709  54.7173 280.3718 0046857 197.7368 162.2123  1.00276231 24941
TIBA-1
1 44800U 19080A   26217.24697409  .00000163  00000+0  00000+0 0  9991
2 44800   0.0530 353.9420 0002286 161.8936 282.4077  1.00275938 24555
INMARSAT GX5
1 44801U 19080B   26217.94486352  .00000081  00000+0  00000+0 0  9991
2 44801   0.0385  24.6176 0001887 114.6924 166.3394  1.00271950  7286
JCSAT-18 (KACIFIC 1)
1 44868U 19091A   26218.47137990 -.00000196  00000+0  00000+0 0  9994
2 44868   0.0488 263.3759 0000465 335.0980  36.2226  1.00272824 24519
ELEKTRO-L 3
1 44903U 19095A   26218.17152475 -.00000091  00000+0  00000+0 0  9994
2 44903   0.3796  82.5292 0001335  43.6615 326.2535  1.00270928 24216
SHIJIAN-20 (SJ-20)
1 44910U 19097A   26211.82007117  .00000153  00000+0  00000+0 0  9999
2 44910   5.0235  74.5048 0002982  36.3270 173.2862  1.00067417 24130
TJS-5
1 44978U 20002A   26218.74808498 -.00000338  00000+0  00000+0 0  9996
2 44978   0.1173  82.3732 0007834 340.6199 269.1084  1.00271740 24216
GSAT-30
1 45026U 20005A   26217.86839698 -.00000158  00000+0  00000+0 0  9992
2 45026   0.0169  94.8286 0002756  10.7031 244.5011  1.00269657 24003
EUTELSAT KONNECT
1 45027U 20005B   26217.58768630  .00000056  00000+0  00000+0 0  9995
2 45027   0.0648  97.6927 0001642 123.7821 311.4319  1.00268355 24834
JCSAT-17
1 45245U 20013A   26218.32596966 -.00000306  00000+0  00000+0 0  9999
2 45245   5.3936 357.3171 0003782 152.6837  58.2198  1.00272155 23738
GEO-KOMPSAT-2B
1 45246U 20013B   26218.60960722 -.00000340  00000+0  00000+0 0  9994
2 45246   0.0520 266.0765 0001481 318.4142  78.3449  1.00269439 23788
BEIDOU-3 G2
1 45344U 20017A   26218.60007384 -.00000137  00000+0  00000+0 0  9997
2 45344   2.9625  47.9902 0001854  85.2419 117.9667  1.00270757 23768
AEHF-6 (USA 298)
1 45465U 20022B   26218.61151389 -.00000291  00000+0  00000+0 0  9994
2 45465   2.4434 301.7947 0041678  13.2371 357.9603  1.00274298 23525
BEIDOU-3 G3
1 45807U 20040A   26217.60806093 -.00000347  00000+0  00000+0 0  9993
2 45807   2.5629  67.4741 0001526 308.5839 267.4447  1.00265578 22562
APSTAR-6D
1 45863U 20045A   26218.61073389 -.00000313  00000+0  00000+0 0  9999
2 45863   0.0404  98.3454 0002313 352.6211 218.0513  1.00270657 22369
KOREASAT 116
1 45920U 20048A   26218.60726721 -.00000358  00000+0  00000+0 0  9999
2 45920   0.0169  61.9798 0000864  83.1728 144.8273  1.00270803 22144
EXPRESS 103
1 45985U 20053A   26216.96641859 -.00000272  00000+0  00000+0 0  9996
2 45985   0.0454 266.5129 0000345 193.7246 297.6964  1.00270900 22131
EXPRESS 80
1 45986U 20053B   26216.90708955 -.00000105  00000+0  00000+0 0  9997
2 45986   0.0505 268.1875 0007108 103.9010 347.9284  1.00172626 22119
BSAT-4B
1 46112U 20056A   26218.59736095 -.00000346  00000+0  00000+0 0  9992
2 46112   0.0323 161.5358 0004120 339.9008 138.5733  1.00271397 21892
MEV-2
1 46113U 20056B   26218.37822580 -.00000006  00000+0  00000+0 0  9997
2 46113   0.0605 263.2338 0000348 336.2374 210.6018  1.00269704 81183
GALAXY 30 (G-30)
1 46114U 20056C   26217.91778721  .00000043  00000+0  00000+0 0  9994
2 46114   0.0166  86.0249 0002227  59.4675  14.3601  1.00271207 21793
GAOFEN-13 01
1 46610U 20071A   26218.03864278 -.00000357  00000+0  00000+0 0  9998
2 46610   0.5207  85.7921 0045114 120.8446 240.0306  1.00265735 21417
TIANTONG-1 2
1 46916U 20082A   26218.03867537 -.00000349  00000+0  00000+0 0  9991
2 46916   0.7373 335.0333 0000963 169.0597 309.3429  1.00269833 21154
LUCAS (JDRS-1)
1 47202U 20089A   26218.60987632 -.00000231  00000+0  00000+0 0  9999
2 47202   0.0584 267.7026 0001647 226.9724 130.8098  1.00272736 20924
SXM-7
1 47240U 20096A   26218.28223141 -.00000200  00000+0  00000+0 0  9997
2 47240   0.0224 104.7946 0003495  13.0967 213.3610  1.00269876  7940
CMS-01
1 47256U 20099A   26217.86839638 -.00000158  00000+0  00000+0 0  9996
2 47256   0.0428  90.2837 0004152 170.3381  89.4028  1.00269697 20692
TURKSAT 5A
1 47306U 21001A   26218.59036714  .00000158  00000+0  00000+0 0  9990
2 47306   0.0132  84.8879 0000275 174.4690 299.2225  1.00272424 20473
TIANTONG-1 3
1 47321U 21003A   26218.60033384 -.00000148  00000+0  00000+0 0  9991
2 47321   1.7221 342.3983 0003205 165.0521 105.3534  1.00271503 20466
TJS-6
1 47613U 21010A   26218.54824694  .00000047  00000+0  00000+0 0  9995
2 47613   0.1255 260.1125 0002994 252.9984 177.8125  1.00272218 20316
SBIRS GEO-5 (USA 315)
1 48618U 21042A   26218.77461258 -.00000258  00000+0  00000+0 0  9999
2 48618   5.0432 329.4904 0001697 181.2583 177.2176  1.00270730 19275
FENGYUN 4B
1 48808U 21047A   26218.78564472 -.00000326  00000+0  00000+0 0  9994
2 48808   0.2735  80.7542 0006691 270.6340 351.4638  1.00268404 19079
SXM-8
1 48838U 21049A   26218.25732743 -.00000200  00000+0  00000+0 0  9990
2 48838   0.0167  57.6141 0005477 335.6491 289.0113  1.00269711 19084
TIANLIAN 1-05
1 49011U 21063A   26218.02405949  .00000113  00000+0  00000+0 0  9992
2 49011   1.7166  80.2388 0002050 114.8925 144.9005  1.00273020 18573
STAR ONE D2
1 49055U 21069A   26218.57034705 -.00000260  00000+0  00000+0 0  9998
2 49055   0.0067  71.0724 0002570  80.6392 298.7176  1.00271080 18447
EUTELSAT QUANTUM
1 49056U 21069B   26218.59366049  .00000131  00000+0  00000+0 0  9996
2 49056   0.0393 274.2494 0002195 226.6595  75.6291  1.00269254 18430
ZHONGXING-2E
1 49062U 21071A   26218.60744441 -.00000287  00000+0  00000+0 0  9997
2 49062   0.0226 133.9068 0001212  42.1397  95.8372  1.00270454 18540
TJS-7
1 49115U 21077A   26218.56454036 -.00000120  00000+0  00000+0 0  9991
2 49115   0.2306 263.1687 0002417 114.2952  41.4400  1.00271870 10059
CHINASAT 9B
1 49125U 21080A   26218.77303696 -.00000309  00000+0  00000+0 0  9993
2 49125   0.0149 107.1766 0002771  57.4835 170.3628  1.00271059 18151
SHIJIAN-21 (SJ-21)
1 49330U 21094A   26218.71079152 -.00000347  00000+0  00000+0 0  9999
2 49330   5.2277  60.8470 0052336 169.2720 108.9822  1.00266502  5866
SES-17
1 49332U 21095A   26217.57295289 -.00000265  00000+0  00000+0 0  9995
2 49332   0.0216  54.9240 0001044  89.5823 308.7759  1.00268654 18358
SYRACUSE 4A
1 49333U 21095B   26217.81642054  .00000142  00000+0  00000+0 0  9992
2 49333   0.0112  98.6153 0001497  35.2224 159.9388  1.00270332 18447
QZS-1R (MICHIBIKI-1R)
1 49336U 21096A   26210.97683615 -.00000279  00000+0  00000+0 0  9996
2 49336  37.5452  78.9485 0757119 272.5040  77.8836  1.00240709 17431
ZHONGXING-1D
1 49505U 21114A   26218.61004056 -.00000332  00000+0  00000+0 0  9990
2 49505   0.0557 263.6786 0000882  36.6565   4.6204  1.00271714 17321
STPSAT-6
1 49817U 21118A   26218.55847907 -.00000040  00000+0  00000+0 0  9999
2 49817   0.4449  84.8779 0000879 217.4483 101.9579  1.00270759 17076
EXPRESS AMU-7
1 50001U 21123A   26216.97340096 -.00000234  00000+0  00000+0 0  9998
2 50001   0.0116 321.6063 0000208 129.9925 357.3594  1.00271608 17025
EXPRESS AMU-3
1 50002U 21123B   26217.84065035 -.00000316  00000+0  00000+0 0  9994
2 50002   0.0136 234.5105 0000056 248.9836 236.5059  1.00279616  7537
TIANLIAN 2-02
1 50005U 21124A   26218.59191604 -.00000010  00000+0  00000+0 0  9994
2 50005   0.9260  85.3076 0002375 148.6856 105.2082  1.00271648 17121
TURKSAT 5B
1 50212U 21126A   26218.59253382  .00000150  00000+0  00000+0 0  9992
2 50212   0.0732 333.5560 0001647   0.6006 236.2494  1.00271223 16802
INMARSAT 6-F1
1 50319U 21128A   26218.10180009 -.00000166  00000+0  00000+0 0  9992
2 50319   0.0163  84.9864 0000114 207.4468 142.6086  1.00269406 16750
SHIYAN-12 01 (SY-12 01)
1 50321U 21129A   26218.65935411  .00000092  00000+0  00000+0 0  9998
2 50321   3.7991  79.2134 0001401 251.6732 241.1575  1.00046665 17001
SHIYAN-12 02 (SY-12 02)
1 50322U 21129B   26218.71159492 -.00000331  00000+0  00000+0 0  9990
2 50322   3.7980  79.2102 0003383  80.9209 177.8552  1.00464941 17009
TJS-9
1 50574U 21135A   26215.97389169 -.00000290  00000+0  00000+0 0  9991
2 50574   0.0995 263.2103 0005230 111.3200  65.8564  1.00273671 16908
GOES 18
1 51850U 22021A   26218.55708699  .00000101  00000+0  00000+0 0  9994
2 51850   0.0103 325.2370 0000627 241.1368 172.2596  1.00271487  7095
ZHONGXING-6D
1 52255U 22038A   26216.78219428 -.00000345  00000+0  00000+0 0  9993
2 52255   0.0705 255.3907 0001428 318.5152 146.0850  1.00269614 15913
NILESAT 301
1 52817U 22061A   26218.58282711 -.00000054  00000+0  00000+0 0  9995
2 52817   0.0553 327.9280 0002693 123.1767  66.7579  1.00270642 15240
CMS-02 (GSAT-24)
1 52903U 22067A   26217.71919806 -.00000158  00000+0  00000+0 0  9998
2 52903   0.0114 132.6224 0000645 141.5254  22.0158  1.00271530 15108
MEASAT 3D
1 52904U 22067B   26218.60987669 -.00000237  00000+0  00000+0 0  9998
2 52904   0.0620 286.8014 0001167 285.8592  53.5345  1.00270219 15152
SES-22
1 52933U 22071A   26218.64040995  .00000109  00000+0  00000+0 0  9998
2 52933   0.0348 268.2961 0000954 223.6185 274.7989  1.00269595  8021
WFOV (USA 332)
1 52940U 22073A   26218.60778721 -.00000361  00000+0  00000+0 0  9990
2 52940   3.8346  77.8706 0001742 169.1318  46.1439  1.00264966 14875
TIANLIAN 2-03
1 53100U 22078A   26218.58629380  .00000076  00000+0  00000+0 0  9999
2 53100   0.7958  77.6917 0000658  67.0476  32.0141  1.00273385 15057
SBIRS GEO-6 (USA 336)
1 53355U 22092A   26218.61168722 -.00000284  00000+0  00000+0 0  9991
2 53355   3.1770 318.3127 0001786 184.2562 171.7825  1.00270837 14730
EUTELSAT KONNECT VHTS
1 53765U 22110A   26218.58447378  .00000021  00000+0  00000+0 0  9998
2 53765   0.0561 100.5175 0002824  11.2355  56.4636  1.00268230  7348
ZHONGXING-1E
1 53813U 22112A   26216.10536000 -.00000140  00000+0  00000+0 0  9994
2 53813   0.0240 149.3508 0001414  91.1083 191.5519  1.00270192 14323
SES-20
1 53960U 22123A   26217.92220722 -.00000095  00000+0  00000+0 0  9990
2 53960   0.0140  81.0021 0001958  27.7121  74.6397  1.00272767 14031
SES-21
1 53961U 22123B   26218.55830032  .00000074  00000+0  00000+0 0  9998
2 53961   0.0243  42.4009 0001020  88.9976 253.6665  1.00269651  7712
GALAXY 33 (G-33)
1 54026U 22128A   26218.60109207  .00000083  00000+0  00000+0 0  9995
2 54026   0.0125  44.5446 0001661  92.7739 261.2075  1.00272074 14242
GALAXY 34 (G-34)
1 54027U 22128B   26218.35192626  .00000065  00000+0  00000+0 0  9995
2 54027   0.0139  77.7071 0001651  78.3542 156.5172  1.00265131 14410
ANGOSAT 2
1 54033U 22131A   26217.51936627  .00000143  00000+0  00000+0 0  9997
2 54033   0.0106 139.6839 0000753 129.9344 254.4295  1.00273025 13971
EUTELSAT HOTBIRD 13F
1 54048U 22134A   26218.58681380  .00000091  00000+0  00000+0 0  9999
2 54048   0.0561 276.9423 0001943  79.0764 183.3526  1.00270322 13883
LDPE-2
1 54219U 22144A   26218.51344799  .00000070  00000+0  00000+0 0  9990
2 54219   5.7156  63.1184 0001534 100.2420 179.7578  0.99588521 12343
EUTELSAT HOTBIRD 13G
1 54225U 22146A   26218.58681380  .00000091  00000+0  00000+0 0  9999
2 54225   0.0521 242.1475 0002100 301.8631 355.3510  1.00270582  7978
ZHONGXING-19
1 54230U 22148A   26218.75909170 -.00000078  00000+0  00000+0 0  9992
2 54230   0.0473 258.7133 0003708 259.0084 234.0181  1.00270881 13881
GALAXY 31 (G-31)
1 54243U 22153A   26217.91874054  .00000019  00000+0  00000+0 0  9995
2 54243   0.0115 132.4878 0001198  18.9918  12.7421  1.00273087  7636
GALAXY 32 (G-32)
1 54244U 22153B   26218.56618704 -.00000170  00000+0  00000+0 0  9995
2 54244   0.0138  65.6763 0000862 351.0999  11.1494  1.00271574 13649
EUTELSAT 10B
1 54259U 22157A   26218.37224987  .00000073  00000+0  00000+0 0  9991
2 54259   0.0555  97.9053 0001274  15.1044 345.9297  1.00271057 13538
GALAXY 35 (G-35)
1 54741U 22170A   26218.56575369 -.00000158  00000+0  00000+0 0  9991
2 54741   0.0106 141.4051 0001868 359.9774 284.2900  1.00271046 13395
GALAXY 36 (G-36)
1 54742U 22170B   26218.56662037 -.00000181  00000+0  00000+0 0  9997
2 54742   0.0193 129.2188 0002304 345.0495 315.8199  1.00271646 13273
METEOSAT-12 (MTG-I1)
1 54743U 22170C   26218.58412712 -.00000004  00000+0  00000+0 0  9997
2 54743   0.7487  23.1184 0003660  87.1409  54.7040  1.00271620 13489
SHIJIAN-23 (SJ-23)
1 55131U 23002A   26218.76087139 -.00000339  00000+0  00000+0 0  9996
2 55131   3.8417  77.6614 0003136 265.9949 358.3767  1.00064591 13018
APSTAR-6E
1 55239U 23005A   26218.53949356 -.00000313  00000+0  00000+0 0  9993
2 55239   0.0536 255.5626 0003360 300.8519  86.8897  1.00272087 19192
USA 342
1 55263U 23008A   26218.23249051  .00000000  00000+0  00000+0 0  9997
2 55263   0.0010  85.7647 0000230 350.5825 346.0596  1.00271426 13015
ELEKTRO-L 4
1 55506U 23016A   26216.66952655 -.00000050  00000+0  00000+0 0  9998
2 55506   0.0737 287.2782 0001878 249.1160 183.6073  1.00271705 12827
AMAZONAS NEXUS
1 55508U 23017A   26218.10825219 -.00000277  00000+0  00000+0 0  9998
2 55508   0.0332  45.3131 0003782  58.3479 188.9599  1.00269524  7540
ZHONGXING-26
1 55686U 23023A   26217.02126660 -.00000337  00000+0  00000+0 0  9993
2 55686   0.0538  72.2020 0006066 136.8106 237.3410  1.00390659 12729
LUCH-5X (OLYMP-K 2)
1 55841U 23031A   26218.70822108  .00000037  00000+0  00000+0 0  9997
2 55841   0.0249  94.3310 0001436 197.0207 340.8230  1.00271806 12446
GAOFEN-13 02
1 55912U 23036A   26218.16780840 -.00000214  00000+0  00000+0 0  9995
2 55912   0.9800   7.2689 0003822 314.3385 201.7147  1.00267796 12592
SES-18
1 55970U 23038A   26218.56376036 -.00000097  00000+0  00000+0 0  9992
2 55970   0.0606 267.2236 0001304 302.1637 205.5651  1.00270953 12608
SES-19
1 55971U 23038B   26218.77483332  .00000092  00000+0  00000+0 0  9998
2 55971   0.0456 271.2895 0001490 229.3964 318.6310  1.00271024 12605
INTELSAT 40E (IS-40E)
1 56174U 23052A   26218.42359127 -.00000169  00000+0  00000+0 0  9992
2 56174   0.0133 110.6032 0002556  54.6860 211.1587  1.00271654 12321
VIASAT-3 F1
1 56370U 23060A   26218.22639013 -.00000180  00000+0  00000+0 0  9995
2 56370   0.0114  74.1979 0000431  67.0262 166.1268  1.00272625 11936
ARCTURUS
1 56371U 23060B   26213.97420525 -.00000340  00000+0  00000+0 0  9997
2 56371   2.8884  79.3612 0001902 134.4241 206.9075  1.00585493 11919
GS-1
1 56372U 23060C   26217.07475037 -.00000209  00000+0  00000+0 0  9995
2 56372   2.8476  79.2351 0003088 276.8796  73.1296  1.00261018  8020
BEIDOU-3 G4
1 56564U 23066A   26216.11046576 -.00000272  00000+0  00000+0 0  9990
2 56564   0.4484 344.3279 0005163 192.3693 315.7807  1.00274651 11872
ARABSAT-7B (BADR-8)
1 56757U 23075A   26218.74078073  .00000148  00000+0  00000+0 0  9993
2 56757   0.0735  28.8381 0002600   2.8735 216.2453  1.00271754 11620
NVS-01 (IRNSS-1J)
1 56759U 23076A   26218.60986722 -.00000332  00000+0  00000+0 0  9996
2 56759   2.0525 242.0762 0003709  12.9486  49.1695  1.00267177 11625
NUSANTARA TIGA (SATRIA)
1 57045U 23086A   26218.47051323 -.00000230  00000+0  00000+0 0  9998
2 57045   0.0368  19.7729 0001846 298.5521 312.0614  1.00268391 10262
H2SAT (HEINRICH HERTZ)
1 57213U 23093A   26218.58438712  .00000006  00000+0  00000+0 0  9996
2 57213   0.0199  58.9155 0001122 256.3378 210.9554  1.00270149 11420
SYRACUSE 4B
1 57214U 23093B   26218.58282711  .00000000  00000+0  00000+0 0  9997
2 57214   0.0261  84.0360 0000512 163.8221 270.6159  1.00270294  7475
JUPITER 3 (ECHOSTAR 24)
1 57479U 23108A   26217.39240769 -.00000142  00000+0  00000+0 0  9990
2 57479   0.0155  76.2741 0001179  54.1226 229.6135  1.00271832 11138
GALAXY 37 (G-37)
1 57493U 23112A   26218.01572439  .00000054  00000+0  00000+0 0  9994
2 57493   0.0173  86.9486 0001852  60.9956  45.2843  1.00272790 11043
LUDI TANCE-4 01A
1 57624U 23120A   26218.38819661 -.00000172  00000+0  00000+0 0  9992
2 57624  15.0735 192.7397 0002251  25.1805 326.4791  1.00271277 11041
TJS-10
1 58204U 23169A   26218.71296428 -.00000248  00000+0  00000+0 0  9991
2 58204   2.6686  79.8619 0004287 121.6951 102.7215  1.00275076 10046
ZHONGXING-6E
1 58253U 23172A   26215.89820922 -.00000353  00000+0  00000+0 0  9994
2 58253   0.0109 141.4814 0002474 353.9876 255.8637  1.00268760 10137
YAOGAN-41
1 58582U 23197A   26216.04232449 -.00000351  00000+0  00000+0 0  9993
2 58582   3.0457 313.8823 0014312 202.7838 294.2930  1.00266763  9805
OVZON-3
1 58698U 24003A   26218.09703340  .00000058  00000+0  00000+0 0  9991
2 58698   0.0242 183.8305 0000190 111.6448 113.7921  1.00270149  7947
INSAT-3DS
1 58990U 24033A   26218.76731273 -.00000152  00000+0  00000+0 0  9995
2 58990   0.0428 263.9974 0001101 250.6873 158.9115  1.00270376 47570
MERAH PUTIH 2
1 58995U 24035A   26218.60657388 -.00000353  00000+0  00000+0 0  9992
2 58995   0.0157  99.9469 0001140  55.6268 130.8799  1.00270039  9092
TJS-11
1 59020U 24037A   26218.77118979 -.00000355  00000+0  00000+0 0  9992
2 59020   4.1360 327.6996 0001571 208.8599 168.8574  1.00273056  9090
HULIANWAN GAOGUI-01 (H*)
1 59069U 24040A   26217.82197550  .00000162  00000+0  00000+0 0  9991
2 59069   0.0804 334.7713 0001333  61.8080 247.3374  1.00270216  7820
EUTELSAT 36D
1 59346U 24059A   26218.59132047  .00000000  00000+0  00000+0 0  9995
2 59346   0.0255  88.8805 0000367 171.4284 303.5528  1.00271798  8651
PAKSAT-MM1
1 59915U 24104A   26218.59184049  .00000158  00000+0  00000+0 0  9991
2 59915   0.0323 202.4948 0002301 282.7296  81.2078  1.00272483  8034
ASTRA 1P (SES-24)
1 60086U 24115A   26218.65926744  .00000124  00000+0  00000+0 0  9990
2 60086   0.0738 317.5487 0001692 250.7252   3.4583  1.00269034  7708
GOES 19
1 60133U 24119A   26218.56930705 -.00000244  00000+0  00000+0 0  9993
2 60133   0.0178  89.7638 0000657 137.3387 217.7587  1.00270997  7461
ZHONGXING-3A
1 60179U 24122A   26216.10934669 -.00000304  00000+0  00000+0 0  9995
2 60179   0.0145 143.7065 0002195  32.7634 277.1419  1.00265925  7786
TURKSAT 6A
1 60233U 24127A   26216.81041090  .00000154  00000+0  00000+0 0  9998
2 60233   0.0441 233.3903 0003623 304.7086 108.9999  1.00273704  7501
HULIANWAN GAOGUI-02 (H*)
1 60327U 24135A   26217.17058589 -.00000166  00000+0  00000+0 0  9996
2 60327   0.0535 354.6206 0005452  11.3131 162.3164  1.00270458  7989
ZHONGXING-4A
1 60606U 24151A   26218.60761388 -.00000357  00000+0  00000+0 0  9993
2 60606   1.1892 270.2794 0000679 350.7192  31.1078  1.00271319  7260
HULIANWAN GAOGUI-03 (H*)
1 61503U 24181A   26217.49969285 -.00000234  00000+0  00000+0 0  9999
2 61503   0.0595 355.7807 0001325  97.1090 323.9031  1.00275665  7312
DSN-3 (KIRAMEKI-3)
1 61733U 24198A   26218.54148691 -.00000245  00000+0  00000+0 0  9991
2 61733   0.0090 234.6333 0001243 264.3535 155.0856  1.00271859  6428
KOREASAT 6A
1 61910U 24206A   26218.60718054 -.00000357  00000+0  00000+0 0  9995
2 61910   0.0368 252.3256 0000707 238.2783 159.1354  1.00270886  6341
OPTUS-X (ADS-01)
1 62006U 24212A   26218.18747148 -.00000137  00000+0  00000+0 0  9994
2 62006   0.0414 265.1431 0002644 261.5335  11.9547  1.00274000  6263
GSAT-N2 (GSAT-20)
1 62028U 24214A   26218.59764718 -.00000016  00000+0  00000+0 0  9993
2 62028   0.0020  72.4853 0001803 340.4877 185.3598  1.00274176  6403
SXM-9
1 62259U 24234A   26218.22780363 -.00000199  00000+0  00000+0 0  9997
2 62259   0.0212 343.5357 0004758 332.4325 355.6372  1.00270087  6076
TJS-12
1 62374U 24246A   26218.54192024 -.00000226  00000+0  00000+0 0  9995
2 62374   0.5684 304.8512 0001511 117.9395 233.9350  1.00270796  6062
NUVIEW ALPHA
1 62455U 24252B   26218.49642668 -.00000210  00000+0  00000+0 0  9993
2 62455   0.0416  17.7459 0000543  64.7347 328.1483  1.00271162  4329
AGILA
1 62456U 24252C   26217.90149381 -.00000176  00000+0  00000+0 0  9994
2 62456   0.0530 246.5164 0001613 290.0975 254.5130  1.00270365  5654
NUVIEW BRAVO
1 62457U 24252D   26218.49642668 -.00000210  00000+0  00000+0 0  9995
2 62457   0.0659 173.5131 0001563 351.4223 245.7069  1.00269572  4292
THURAYA-4
1 62483U 25001A   26218.23656387  .00000145  00000+0  00000+0 0  9998
2 62483   0.0170  88.1908 0000324  74.2107 281.8422  1.00273304  4671
SHIJIAN-25 (SJ-25)
1 62485U 25002A   26218.71006213 -.00000349  00000+0  00000+0 0  9998
2 62485   5.2287  60.8230 0050257 177.9434  99.2452  1.00278327  5864
TJS-14
1 62804U 25017A   26217.23347963  .00000124  00000+0  00000+0 0  9995
2 62804   0.6780 299.5568 0002489 299.1004 177.6291  1.00275964  5760
SPAINSAT NG I
1 62852U 25021A   26218.58993381  .00000156  00000+0  00000+0 0  9998
2 62852   0.0158  76.8005 0000178 165.0868 314.5968  1.00270524  4499
QZS-6 (MICHIBIKI-6)
1 62876U 25023A   26218.60987633 -.00000229  00000+0  00000+0 0  9994
2 62876   0.0617 271.3850 0001921 242.4092 111.4058  1.00272409  5456
ZHONGXING-10R
1 63075U 25036A   26218.61289225 -.00000347  00000+0  00000+0 0  9994
2 63075   0.0444 247.2501 0004750 274.8805 124.1210  1.00266742  5460
TJS-15
1 63157U 25045A   26218.63210681 -.00000261  00000+0  00000+0 0  9992
2 63157   0.3330  85.5282 0002195 269.5192 282.0094  1.00275452  5268
TIANLIAN 2-04
1 63361U 25062A   26218.60007384 -.00000127  00000+0  00000+0 0  9990
2 63361   4.2504 273.7227 0031857   8.3944 329.0773  1.00270309  5107
TJS-16
1 63397U 25064A   26218.68586490 -.00000103  00000+0  00000+0 0  9993
2 63397   1.2226  81.0944 0001735 281.9256 359.6907  1.00270449  4895
TJS-17
1 63524U 25073A   26218.68586490 -.00000067  00000+0  00000+0 0  9994
2 63524   1.1887  82.2169 0000153 270.5469  13.8739  1.00271772  4795
TIANLIAN 2-05
1 63662U 25084A   26218.30311818  .00000133  00000+0  00000+0 0  9991
2 63662   4.3296 279.2685 0002060 173.3069 351.7764  1.00271586  4888
TJS-19
1 63924U 25097A   26218.68030765 -.00000269  00000+0  00000+0 0  9997
2 63924   3.2060 318.2649 0005165 253.4433 129.6104  1.00267668  4655
CHINASAT 3B
1 64062U 25106A   26216.83519769 -.00000037  00000+0  00000+0 0  9996
2 64062   0.0335 231.8582 0004722 287.8287 261.6767  1.00270585  4543
SXM-10
1 64290U 25122A   26218.34709133 -.00000011  00000+0  00000+0 0  9993
2 64290   0.0170  51.3671 0001511 301.8866 330.4071  1.00270052  4182
COSMOS 2589
1 64467U 25131A   26218.71736112 -.00000334  00000+0  00000+0 0  9995
2 64467   0.0598 100.2469 0001297 296.3613 280.8752  1.00377885  4063
CHINASAT 9C
1 64470U 25132A   26218.60085443 -.00000243  00000+0  00000+0 0  9991
2 64470   0.0402 254.5088 0003412 243.5304 125.6188  1.00270894  4659
MTG-S1
1 64723U 25143A   26218.58404045 -.00000003  00000+0  00000+0 0  9998
2 64723   0.6119 340.1281 0003414 257.2419 287.6687  1.00268980  3924
DROR 1
1 64784U 25148A   26218.58343378 -.00000030  00000+0  00000+0 0  9991
2 64784   0.0522 263.9574 0001075 140.7596 116.4056  1.00270885  3806
SHIYAN-29
1 65486U 25196A   26218.90342676 -.00000275  00000+0  00000+0 0  9991
2 65486  28.8753  17.8966 0014231 179.1298 178.8933  1.00269096  3385
NUSANTARA LIMA (NUSANT*)
1 65588U 25205A   26218.60657388 -.00000353  00000+0  00000+0 0  9998
2 65588   0.0032 155.2298 0000498  60.8783  70.2394  1.00270744  3221
TJS-20
1 66142U 25238A   26218.38273659  .00000035  00000+0  00000+0 0  9997
2 66142   5.3618 299.3526 0003989 209.8886   5.8582  1.00273201  2837
CMS-03 (GSAT-7R)
1 66311U 25249B   26218.59609837 -.00000072  00000+0  00000+0 0  9993
2 66311   0.0553 264.3818 0001685 216.6054 122.7035  1.00271116  2852
VIASAT-3 F2
1 66454U 25261A   26218.15231741 -.00000228  00000+0  00000+0 0  9995
2 66454   0.0402 261.4254 0000916 336.7759  52.3617  1.00271548  3299
SHIJIAN-28 (SJ-28)
1 66549U 25277A   26217.71850588 -.00000350  00000+0  00000+0 0  9990
2 66549   4.4153 271.3530 0001172  22.4310  35.8520  1.00264542  2653
TJS-22
1 66990U 25290A   26215.74663804  .00000002  00000+0  00000+0 0  9992
2 66990   1.4160 287.2705 0002968 316.4159  43.8779  1.00272902  2507
TJS-23
1 67226U 25306A   26218.46359141  .00000027  00000+0  00000+0 0  9998
2 67226   5.4763 297.2301 0004697 213.7056 146.4123  1.00272710  2399
FENGYUN 4C
1 67246U 25312A   26215.97302502 -.00000314  00000+0  00000+0 0  9999
2 67246   0.0367 241.0921 0000552 346.5199 208.2246  1.00272143  2344
SHIJIAN-29A (SJ-29A)
1 67302U 25315A   26218.75040137 -.00000068  00000+0  00000+0 0  9993
2 67302   3.5206  93.8926 0005651  65.2281 139.5974  1.00272782  2126
SHIJIAN-29B (SJ-29B)
1 67403U 25315C   26218.75040132 -.00000068  00000+0  00000+0 0  9990
2 67403   3.5195  93.8866 0005822  68.9597 135.9160  1.00272878  2198
ELEKTRO-L 5
1 67756U 26028A   26217.91518588 -.00000091  00000+0  00000+0 0  9991
2 67756   0.1849 338.8104 0002282 169.5902 211.6127  1.00271551  1742
JAM-E JAM 1
1 67757U 26028B   26218.59097381  .00000160  00000+0  00000+0 0  9996
2 67757   0.1738 325.3748 0001400 255.8287 340.6286  1.00274960  1624
ECHOSTAR 25
1 68126U 26045A   26218.56246035 -.00000052  00000+0  00000+0 0  9996
2 68126   0.0166  87.8299 0001353  49.9766 269.7766  1.00270376  1497
TJS-24
1 69235U 26116A   26218.66477741 -.00000226  00000+0  00000+0 0  9991
2 69235   0.1297  91.8666 0000961 111.5579  81.3453  1.00267964   736
SYNCOM 2 (A 26)
1 00634U 63031A   26216.76183134 -.00000001  00000+0  00000+0 0  9996
2 00634  29.8784 299.7564 0007314 206.0525 147.1350  1.00269517230849
SYNCOM 3
1 00858U 64047A   26217.03613203 -.00000327  00000+0  00000+0 0  9999
2 00858   7.0818  63.9720 0003825 153.6723 210.9371  1.00385897 53966
INTELSAT 1-F1
1 01317U 65028A   26218.43530744  .00000102  00000+0  00000+0 0  9993
2 01317   7.2750  63.1973 0007624 141.3850 128.7557  1.00201902127678
ATS 1
1 02608U 66110A   26218.47224656 -.00000151  00000+0  00000+0 0  9991
2 02608   5.0946  69.3877 0006345 184.7613  26.0794  1.00292179135301
INTELSAT 2-F2
1 02639U 67001A   26218.35578313 -.00000241  00000+0  00000+0 0  9994
2 02639   3.3772  76.6543 0005660 194.5767  97.8751  1.00163432119740
INTELSAT 2-F3
1 02717U 67026A   26218.59331382  .00000121  00000+0  00000+0 0  9993
2 02717   4.2020  67.5948 0016784 223.9178 283.3957  1.00376849124400
INTELSAT 2-F4
1 02969U 67094A   26218.35838314 -.00000283  00000+0  00000+0 0  9998
2 02969   4.1995  73.6514 0011560 141.1724 168.5060  1.00347913115815
ATS 3
1 03029U 67111A   26218.56332701 -.00000087  00000+0  00000+0 0  9990
2 03029   3.3031  77.7797 0015749  37.3452 297.6095  1.00272051215138
LES-6
1 03431U 68081D   26218.55934034  .00000033  00000+0  00000+0 0  9990
2 03431   1.6308  42.9834 0007784 298.0159  49.6302  1.00341807121283
OPS 0757 (TACSAT)
1 03691U 69013A   26218.58837380  .00000141  00000+0  00000+0 0  9993
2 03691   2.9729  74.0458 0020388 173.8967 300.0227  1.00419251114610
SKYNET 1A
1 04250U 69101A   26218.56358701 -.00000091  00000+0  00000+0 0  9991
2 04250   0.5658  80.7685 0025106 159.6836 173.5482  1.00268422135018
NATO 2A
1 04353U 70021A   26218.56384703 -.00000100  00000+0  00000+0 0  9990
2 04353   0.3606 324.0372 0002795 252.7168 198.4681  1.00280339126278
INTELSAT 3-F7
1 04376U 70032A   26217.98071036 -.00000277  00000+0  00000+0 0  9999
2 04376   2.5525  86.7850 0002152 216.4698 143.5269  1.00295257 47867
ATLAS AGENA D R/B
1 04511U 70046B   26217.77094205  .00000129  00000+0  00000+0 0  9990
2 04511   1.8229  83.5929 0031150 310.1570  49.6034  1.00425445 26052
NATO 2B
1 04902U 71009A   26218.56350035 -.00000084  00000+0  00000+0 0  9999
2 04902   1.0342 242.3434 0003480 259.5787 271.2730  1.00271767119146
OPS 9431 (DSCS 2-1)
1 05587U 71095A   26218.55878447 -.00000108  00000+0  00000+0 0  9992
2 05587   1.4669 251.7252 0005190 355.4293 168.3524  1.00262656122522
OPS 9432 (DSCS 2-2)
1 05588U 71095B   26218.60735388 -.00000353  00000+0  00000+0 0  9997
2 05588   1.4273 253.3449 0002190  69.6773 327.5529  1.00182600 47872
INTELSAT 4-F4
1 05775U 72003A   26218.60961052 -.00000007  00000+0  00000+0 0  9990
2 05775   6.6291 293.9823 0001894 161.7556 156.1413  0.99821349137893
OPS 1570 (DSP 3)
1 05851U 72010A   26218.61179194 -.00000050  00000+0  00000+0 0  9990
2 05851   0.5369  94.6813 0008475 178.0239 345.5143  0.99768255 26430
INTELSAT 4-F5
1 06052U 72041A   26218.49329136 -.00000185  00000+0  00000+0 0  9996
2 06052   5.6109 286.3187 0003992 291.4352  68.6512  1.00136366 47162
OPS 6063
1 06380U 73013A   26218.59938051 -.00000097  00000+0  00000+0 0  9995
2 06380   0.2606 220.3412 0021352 306.0213  81.0814  1.00269784 26934
ANIK A2 (TELESAT 2)
1 06437U 73023A   26218.23499966 -.00000209  00000+0  00000+0 0  9992
2 06437   6.8172 295.5012 0009700  83.8938 309.8609  0.99795438 47656
OPS 6157 (DSP 4)
1 06691U 73040A   26218.56930705 -.00000190  00000+0  00000+0 0  9999
2 06691   0.8330 213.7600 0006028  65.8989 165.0279  0.99816413 26445
WESTAR 1
1 07250U 74022A   26218.43155758 -.00000167  00000+0  00000+0 0  9999
2 07250   6.9950 297.6162 0003573  46.8360  44.3533  0.99892449122835
MOLNIYA 1-S
1 07392U 74060A   26218.60544720 -.00000334  00000+0  00000+0 0  9994
2 07392   1.2580 247.6755 0008956 286.6883 105.9745  1.00259051134680
WESTAR 2
1 07466U 74075A   26218.60787388 -.00000329  00000+0  00000+0 0  9995
2 07466   7.1485 299.3607 0004481 220.8214 133.2310  0.99854551138159
INTELSAT 4-F8
1 07544U 74093A   26217.63247157 -.00000264  00000+0  00000+0 0  9997
2 07544   7.8661 304.2240 0003598 215.1381 173.0868  0.99795167125702
SKYNET 2B
1 07547U 74094A   26218.60718054 -.00000356  00000+0  00000+0 0  9990
2 07547   3.4469 280.2903 0003232 225.1376 144.2022  1.00354286125272
SYMPHONIE 1
1 07578U 74101A   26218.43478846  .00000121  00000+0  00000+0 0  9995
2 07578   4.4497 276.3788 0001371 322.1206  97.1670  0.99948093117703
ANIK A3 (TELESAT 3)
1 07790U 75038A   26218.14717130 -.00000273  00000+0  00000+0 0  9990
2 07790   7.5920 302.4206 0000622 200.1029 178.1969  1.00054476130461
SYMPHONIE 2
1 08132U 75077A   26218.59426715  .00000142  00000+0  00000+0 0  9993
2 08132   3.9117 273.8577 0002485  33.8136 272.2894  0.99962446142953
INTELSAT 4A-F1
1 08330U 75091A   26218.41796309 -.00000123  00000+0  00000+0 0  9999
2 08330   7.7645 303.9651 0005263 257.5444 173.5663  0.99920423121978
COSMOS 775
1 08357U 75097A   26218.59114714  .00000163  00000+0  00000+0 0  9990
2 08357   2.2344 259.4390 0011215 194.9607 108.5755  1.00269355132264
GOES 1 (SMS-C)
1 08366U 75100A   26218.43320485  .00000064  00000+0  00000+0 0  9992
2 08366   4.4820 276.8174 0004140 333.1179  92.4379  1.00280221185570
OPS 3165 (DSP 5)
1 08482U 75118A   26218.77031073 -.00000337  00000+0  00000+0 0  9993
2 08482   2.1689 256.3572 0032298  28.4438  71.1903  1.00472679 26963
RADUGA 1
1 08513U 75123A   26218.59738716  .00000004  00000+0  00000+0 0  9992
2 08513   2.6749 265.3707 0004982 296.3616  34.9474  1.00256221195312
TITAN 3C TRANSTAGE R/B
1 08516U 75118C   26218.28268013  .00000143  00000+0  00000+0 0  9997
2 08516   2.1472 256.7089 0012002 222.7137 137.2268  1.00537370 26287
CTS
1 08585U 76004A   26218.55786699  .00000091  00000+0  00000+0 0  9995
2 08585   3.8029 271.2191 0015806 276.4858 195.3202  1.00223596122806
INTELSAT 4A-F2
1 08620U 76010A   26217.74303455  .00000053  00000+0  00000+0 0  9995
2 08620   7.7946 303.5564 0006230 297.2883  52.8408  0.99681437621101
LES-8
1 08746U 76023A   26217.48698731 -.00000106  00000+0  00000+0 0  9993
2 08746  22.4811  36.3954 0032146 159.9570 187.0824  1.00268208130176
LES-9
1 08747U 76023B   26217.99360851 -.00000124  00000+0  00000+0 0  9999
2 08747  22.4434  36.4016 0023698 183.0671 349.6151  1.00271250130170
COMSTAR 1
1 08838U 76042A   26217.77475127 -.00000074  00000+0  00000+0 0  9994
2 08838   7.8662 304.3142 0003629 344.8356  28.9070  0.99814726121071
TITAN 3C TRANSTAGE R/B
1 08918U 76059C   26218.37227151  .00000041  00000+0  00000+0 0  9993
2 08918   2.6048 260.0942 0009241 277.8490  82.1102  1.00532878 25953
PALAPA 1
1 09009U 76066A   26217.94529685  .00000067  00000+0  00000+0 0  9990
2 09009   7.7891 304.7096 0004582 231.9559 131.3798  1.00101542128449
COMSTAR 2
1 09047U 76073A   26218.43155666 -.00000185  00000+0  00000+0 0  9991
2 09047   7.8166 304.8153 0000871 227.8874 217.1193  0.99971308 47717
RADUGA 2
1 09416U 76092A   26218.59799384 -.00000034  00000+0  00000+0 0  9993
2 09416   3.3499 268.6794 0027711  40.6774 290.8497  1.00295785129848
KIKU-2 (ETS-II)
1 09852U 77014A   26217.91479648  .00000156  00000+0  00000+0 0  9999
2 09852   5.1517 282.6938 0001372 206.0168 199.9543  1.00001500127725
TITAN 3C TRANSTAGE R/B
1 09855U 77007C   26218.16651579 -.00000075  00000+0  00000+0 0  9998
2 09855   3.2669 266.9994 0015891  47.5212 312.7082  1.00341620 25866
PALAPA 2
1 09862U 77018A   26218.07883331 -.00000241  00000+0  00000+0 0  9996
2 09862   8.5675 309.9913 0003945 141.7724 219.0833  1.00052814143611
RADUGA 3
1 10159U 77071A   26218.60007384 -.00000145  00000+0  00000+0 0  9994
2 10159   3.9905 272.7293 0009251 301.0163  37.2964  1.00356001177548
SIRIO
1 10294U 77080A   26217.74364122 -.00000077  00000+0  00000+0 0  9998
2 10294   7.1140 298.8053 0006514 165.6894 192.4346  1.00270163118415
EKRAN 2
1 10365U 77092A   26218.60111385 -.00000170  00000+0  00000+0 0  9991
2 10365   4.1096 273.9625 0033233   9.9813 333.2387  1.00221841135350
METEOSAT-1
1 10489U 77108A   26218.23587053  .00000153  00000+0  00000+0 0  9994
2 10489   4.9526 280.5942 0008415 104.6889  55.1032  1.00358564137711
INTELSAT 4A-F3
1 10557U 78002A   26218.47848659  .00000034  00000+0  00000+0 0  9990
2 10557   8.9000 312.3750 0003881 289.0414  71.8501  0.99916777 49253
INTELSAT 4A-F6
1 10778U 78035A   26218.61116722 -.00000303  00000+0  00000+0 0  9996
2 10778   8.6776 311.3799 0007513 308.5140  51.4632  1.00237446122664
OPS 8790
1 10787U 78038A   26218.60602887 -.00000234  00000+0  00000+0 0  9993
2 10787   3.5344 325.4618 0015482 270.6820  78.3520  1.00467984 25762
YURI (BS)
1 10792U 78039A   26218.23604387  .00000155  00000+0  00000+0 0  9997
2 10792   5.3500 283.4233 0018197 314.0070 204.2698  1.00253319119264
RADUGA 4
1 10987U 78073A   26218.59955384 -.00000085  00000+0  00000+0 0  9999
2 10987   4.6608 277.9708 0010373  33.2495 297.3173  1.00192711120109
EKRAN 3
1 11273U 79015A   26217.74719456 -.00000247  00000+0  00000+0 0  9999
2 11273   4.9979 281.0625 0040421   9.4948  25.3393  1.00311045135518
RADUGA 5
1 11343U 79035A   26217.74563456 -.00000176  00000+0  00000+0 0  9997
2 11343   5.1712 281.8665 0004222 230.4761 155.5894  1.00278140129865
GORIZONT 2
1 11440U 79062A   26218.16866473  .00000052  00000+0  00000+0 0  9999
2 11440   5.6153 285.3868 0004803 339.5375 171.6252  1.00257213138526
WESTAR 3
1 11484U 79072A   26218.61203390 -.00000312  00000+0  00000+0 0  9991
2 11484  10.1791 320.8374 0001847 304.2161  50.7545  0.99956389141014
EKRAN 4
1 11561U 79087A   26217.74736789 -.00000245  00000+0  00000+0 0  9994
2 11561   5.4734 284.2581 0011545 206.5758 186.4717  1.00246181 47871
SL-12 R/B(2)
1 11568U 75123F   26218.56948038 -.00000261  00000+0  00000+0 0  9999
2 11568   2.4186 262.6478 0014473 221.6908 321.5084  1.00505977122503
EKRAN 2 DEB
1 11581U 77092H   26218.59912051 -.00000104  00000+0  00000+0 0  9996
2 11581   4.0134 273.3135 0017497 256.6583  75.9315  1.00381063104868
GORIZONT 3
1 11648U 79105A   26217.23893965  .00000145  00000+0  00000+0 0  9993
2 11648   5.8107 287.3414 0011928 269.8916 248.7233  1.00229801122977
OPS 6393 (FLTSATCOM 3)
1 11669U 80004A   26218.38587325 -.00000016  00000+0  00000+0 0  9991
2 11669   6.0709 306.6492 0022863 246.3520 147.7844  1.00159801170367
SL-12 R/B(2)
1 11676U 75097F   26218.61874043 -.00000209  00000+0  00000+0 0  9991
2 11676   2.2320 259.8231 0022123 230.4514 198.9253  1.00136475119646
RADUGA 6
1 11708U 80016A   26217.91479608  .00000150  00000+0  00000+0 0  9998
2 11708   5.5961 286.1397 0002446 317.9774  83.9438  1.00244845122665
RADUGA 7
1 12003U 80081A   26218.43589801 -.00000200  00000+0  00000+0 0  9991
2 12003   5.8293 288.7546 0011497 315.3968 198.5434  1.00293639123814
SBS 1
1 12065U 80091A   26218.60900054 -.00000340  00000+0  00000+0 0  9991
2 12065   9.9089 317.4662 0008741 193.4955 148.2868  0.99824536 46975
EKRAN 6
1 12120U 80104A   26217.80947556  .00000077  00000+0  00000+0 0  9993
2 12120   6.1276 290.2250 0004951  80.1623 292.1438  1.00303767127915
ESIAFI 1 (COMSTAR 4)
1 12309U 81018A   26217.79661029 -.00000034  00000+0  00000+0 0  9997
2 12309   8.6089 310.9088 0002052  87.6529 272.4741  1.00277096167949
SL-12 R/B(2)
1 12447U 80081F   26218.37051654 -.00000043  00000+0  00000+0 0  9991
2 12447   6.0533 289.8463 0004460  46.7249 112.4449  0.99975306164883
GOES 5
1 12472U 81049A   26218.43057106  .00000044  00000+0  00000+0 0  9999
2 12472   9.2716 315.3792 0002970 315.5839  74.2142  1.00215266123352
APPLE
1 12545U 81057B   26218.54955940 -.00000044  00000+0  00000+0 0  9995
2 12545   6.9202 296.4431 0027170 226.8623 161.3971  1.00057468122894
EKRAN 7
1 12564U 81061A   26217.71919806 -.00000144  00000+0  00000+0 0  9991
2 12564   6.4136 292.6609 0003892  60.3372 303.2681  1.00217614130017
RADUGA 9
1 12618U 81069A   26217.92377678  .00000101  00000+0  00000+0 0  9999
2 12618   6.4767 293.1504 0001655 208.3437 200.8156  1.00200053 47844
SBS 2
1 12855U 81096A   26218.44950473  .00000150  00000+0  00000+0 0  9994
2 12855  10.1844 321.1536 0006409 238.7377 316.6627  1.00124757119119
RADUGA 10
1 12897U 81102A   26217.71919806 -.00000118  00000+0  00000+0 0  9997
2 12897   6.5960 294.4736 0003482 257.1611 100.1510  1.00294816117839
SATCOM 3R
1 12967U 81114A   26218.54920028  .00000032  00000+0  00000+0 0  9992
2 12967  12.0324 331.5577 0003640 309.1036  55.1875  1.00133361128577
EKRAN 2 DEB
1 12996U 77092J   26218.56254701 -.00000017  00000+0  00000+0 0  9998
2 12996   4.1787 274.1687 0020140 281.5114 212.6004  1.00027956 85019
WESTAR 4
1 13069U 82014A   26216.88445888  .00000106  00000+0  00000+0 0  9999
2 13069  12.5876 334.6284 0003708 281.0621  71.8494  0.99765570 46920
INSAT-1A
1 13129U 82031A   26217.72961554 -.00000352  00000+0  00000+0 0  9996
2 13129   7.0231 298.0648 0012578 105.8685 291.6281  1.00295073166935
COSMOS 1366
1 13177U 82044A   26218.17265142 -.00000148  00000+0  00000+0 0  9996
2 13177   8.1876 296.8319 0007900 131.7129  30.5506  1.00274460134112
ANIK D1 (TELESAT 6)
1 13431U 82082A   26218.38308326  .00000027  00000+0  00000+0 0  9991
2 13431  12.1534 332.5825 0004787 334.4747 210.2485  1.00093300 47106
EKRAN 9
1 13554U 82093A   26217.52752863 -.00000113  00000+0  00000+0 0  9990
2 13554   6.9785 299.3438 0026787  10.4171 274.2713  1.00206004120492
GORIZONT 6
1 13624U 82103A   26218.44192656  .00000137  00000+0  00000+0 0  9995
2 13624   7.2328 301.5746 0002605 343.5210  27.0731  1.00319306121453
SL-12 R/B(2)
1 13630U 82103E   26218.54478025 -.00000085  00000+0  00000+0 0  9993
2 13630   7.1912 301.4517 0011909 196.5043 174.2382  1.00318667122019
SATCOM C5
1 13631U 82105A   26218.42406718 -.00000102  00000+0  00000+0 0  9993
2 13631  12.0418 332.1520 0003784  79.5309 310.4738  1.00274186126883
SBS 3
1 13651U 82110B   26218.51757345  .00000076  00000+0  00000+0 0  9995
2 13651  12.4503 334.0335 0006822 131.4720  59.4924  0.99931908 47046
ANIK C3 (TELESAT 5)
1 13652U 82110C   26218.42213112 -.00000069  00000+0  00000+0 0  9998
2 13652  12.4240 333.8491 0000633 176.4442 214.4510  0.99897848 47014
RADUGA 12
1 13974U 83028A   26217.79697443  .00000012  00000+0  00000+0 0  9993
2 13974   8.0961 305.9723 0001037 335.5597  24.7797  1.00270931169877
SL-12 R/B(2)
1 13983U 83028F   26218.23714818 -.00000258  00000+0  00000+0 0  9992
2 13983   8.1248 306.0313 0024306 224.6904 165.6389  1.00045853158319
SATCOM 1R
1 13984U 83030A   26218.62839023  .00000068  00000+0  00000+0 0  9993
2 13984  13.1630 338.1561 0007561 141.8787 293.5941  0.99847939130985
GOES 6
1 14050U 83041A   26218.54780620  .00000075  00000+0  00000+0 0  9997
2 14050  10.1136 320.9294 0002254 250.2298 168.8270  1.00252028216522
SL-12 R/B(2)
1 14114U 82044F   26218.01241524 -.00000053  00000+0  00000+0 0  9994
2 14114   8.0722 296.0955 0015804 202.9417 172.4111  1.00272458 47840
PALAPA B1
1 14134U 83059C   26218.58282711 -.00000083  00000+0  00000+0 0  9991
2 14134  11.5255 329.1666 0002220 133.0939  55.7280  1.00207243121292
GALAXY 1 (G-1)
1 14158U 83065A   26218.42742109 -.00000013  00000+0  00000+0 0  9992
2 14158  13.5625 341.3054 0001978 269.1059 101.6404  1.00106891 47137
SL-12 R/B(2)
1 14195U 81102F   26218.49621879 -.00000104  00000+0  00000+0 0  9991
2 14195   6.4919 294.0049 0009424 233.3208 126.7194  1.00247709123500
INSAT-1B
1 14318U 83089B   26218.45037141  .00000137  00000+0  00000+0 0  9998
2 14318  11.1002 326.7075 0011706 236.3070 318.6066  1.00185738125719
GALAXY 2 (G-2)
1 14365U 83098A   26218.54807361  .00000001  00000+0  00000+0 0  9999
2 14365  13.5782 341.6087 0004193 120.3098 227.4047  1.00226361132739
EKRAN 11
1 14377U 83100A   26217.69669322 -.00000286  00000+0  00000+0 0  9990
2 14377   7.6686 304.2132 0002900 316.9821  43.1074  1.00246444 47873
INTELSAT 507
1 14421U 83105A   26218.26573297 -.00000251  00000+0  00000+0 0  9996
2 14421  11.9104 330.8108 0004000 133.9052 244.0180  0.99694413137735
RADUGA 14
1 14725U 84016A   26217.77475127 -.00000175  00000+0  00000+0 0  9998
2 14725   8.4761 310.5229 0002150 181.8937 185.1472  1.00288128118608
COSMOS 1540
1 14783U 84022A   26217.74433455 -.00000115  00000+0  00000+0 0  9998
2 14783   9.2154 304.0542 0007829 289.6422  67.0561  1.00281946121519
COSMOS 1546
1 14867U 84031A   26217.79697443 -.00000028  00000+0  00000+0 0  9998
2 14867   8.5847 311.1732 0024055  17.1002 342.5015  1.00265114 47860
STTW-T2
1 14899U 84035A   26216.75317453 -.00000348  00000+0  00000+0 0  9997
2 14899   9.3746 317.6379 0007285 196.8523 183.3454  1.00193483 47866
GORIZONT 9
1 14940U 84041A   26217.74797457 -.00000275  00000+0  00000+0 0  9996
2 14940   8.6561 312.0557 0005556 291.1229  77.1840  1.00268120122446
ZHONGXING-5
1 14985U 84049A   26217.63448891 -.00000304  00000+0  00000+0 0  9999
2 14985  14.3329 347.9305 0011518 232.6975 106.0012  1.00001549131793
RADUGA 15
1 15057U 84063A   26217.91741225  .00000134  00000+0  00000+0 0  9994
2 15057   8.6387 311.5129 0003452 226.2861 155.1052  1.00182154141608
GORIZONT 10
1 15144U 84078A   26218.47926660  .00000106  00000+0  00000+0 0  9996
2 15144   8.7963 313.0930 0003066 332.7708  31.8009  1.00260862155089
HIMAWARI-3 (GMS-3)
1 15152U 84080A   26218.61047389 -.00000341  00000+0  00000+0 0  9998
2 15152  10.5534 323.3618 0005956 150.0928 193.9857  0.99837751153145
SL-12 R/B(2)
1 15181U 84078F   26217.73516750 -.00000354  00000+0  00000+0 0  9996
2 15181   8.8816 313.4603 0021993 215.7955 166.2289  1.00271955123513
TELSTAR 302
1 15237U 84093D   26218.54718609 -.00000016  00000+0  00000+0 0  9997
2 15237  14.1041 344.9827 0004068 189.0722 228.4474  0.99772942 46948
GALAXY 3 (G-3)
1 15308U 84101A   26218.22061712 -.00000283  00000+0  00000+0 0  9993
2 15308  14.0713 344.7250 0003850  42.4629 331.4239  0.99843534 46980
ZHONGXING-5R
1 15385U 84114A   26218.32157826 -.00000314  00000+0  00000+0 0  9990
2 15385  14.6525 351.6298 0007275  95.6542  97.1144  0.99758271127478
GORIZONT 11
1 15484U 85007A   26218.14899131 -.00000251  00000+0  00000+0 0  9994
2 15484   9.0714 315.2685 0003681 258.6339 116.5517  1.00220203153138
ARABSAT-1A
1 15560U 85015A   26217.91549861  .00000127  00000+0  00000+0 0  9995
2 15560  11.7815 330.9343 0033269 236.3830 121.4310  1.00166536126509
COSMOS 1629
1 15574U 85016A   26218.48108660  .00000134  00000+0  00000+0 0  9990
2 15574   9.0398 314.1967 0006695 267.3438 105.7057  1.00330193150969
GSTAR 1
1 15677U 85035A   26218.42384516 -.00000111  00000+0  00000+0 0  9991
2 15677  14.3023 348.3318 0004485 144.8310 229.2237  1.00272414125717
TELECOM 1B
1 15678U 85035B   26218.14959797 -.00000233  00000+0  00000+0 0  9995
2 15678  10.0605 320.6079 0001151 289.9243  83.1367  1.00317653137525
ARABSAT-1B
1 15825U 85048C   26217.69142069 -.00000290  00000+0  00000+0 0  9991
2 15825  12.3260 333.7690 0012148  29.7740 336.6450  1.00396767135930
TELSTAR 303
1 15826U 85048D   26218.15046464 -.00000269  00000+0  00000+0 0  9992
2 15826  14.1744 345.9003 0003566 243.1027 109.1692  0.99883205 46998
INTELSAT 511
1 15873U 85055A   26217.80059639 -.00000281  00000+0  00000+0 0  9995
2 15873  13.1543 338.3853 0012827 108.7803 255.3913  1.00079704125018
RADUGA 16
1 15946U 85070A   26218.48065326  .00000129  00000+0  00000+0 0  9998
2 15946   9.3292 316.5220 0002263 296.7747  71.6972  1.00317586122734
OPTUS A1 (AUSSAT 1)
1 15993U 85076B   26217.91639965  .00000117  00000+0  00000+0 0  9996
2 15993  13.2492 338.4925 0002453   4.5922 347.6271  0.99758774120087
ASC 1
1 15994U 85076C   26218.51763461 -.00000186  00000+0  00000+0 0  9990
2 15994  13.7698 342.9603 0002988 122.5135 302.6819  1.00308985118482
COSMOS 1700
1 16199U 85102A   26217.75476396 -.00000225  00000+0  00000+0 0  9995
2 16199   9.6305 318.5686 0005448 235.5095 121.2990  1.00302378152161
SL-12 R/B(2)
1 16214U 85102D   26217.94685686  .00000149  00000+0  00000+0 0  9992
2 16214   9.3653 317.7271 0019764 161.0921 197.9049  1.00623129125345
RADUGA 17
1 16250U 85107A   26217.92186095  .00000113  00000+0  00000+0 0  9996
2 16250   9.5239 318.0852 0013612 233.0216 148.4442  1.00129720152176
OPTUS A2 (AUSSAT 2)
1 16275U 85109C   26218.51792012  .00000084  00000+0  00000+0 0  9990
2 16275  13.3212 339.7683 0003816 309.9041 237.2344  0.99946171 47033
STTW-1
1 16526U 86010A   26217.78184791 -.00000036  00000+0  00000+0 0  9996
2 16526  10.5350 323.2454 0002767 294.5670  49.0982  1.00209949155955
GSTAR 2
1 16649U 86026A   26216.88169828 -.00000173  00000+0  00000+0 0  9995
2 16649  14.1737 345.4871 0002282  50.1470 329.1004  0.99789702117137
BRASILSAT 2
1 16650U 86026B   26216.95468087  .00000105  00000+0  00000+0 0  9998
2 16650  14.5157 350.0455 0002078 327.5147  30.0564  0.99637192 46869
COSMOS 1738
1 16667U 86027A   26218.58274044 -.00000060  00000+0  00000+0 0  9997
2 16667  10.1742 317.4419 0013212 152.7593  47.2065  1.00271939147854
GORIZONT 12
1 16769U 86044A   26217.75040125 -.00000344  00000+0  00000+0 0  9993
2 16769   9.9720 320.8506 0004220 311.1432  61.8228  1.00277876147765
SL-12 R/B(2)
1 17125U 86090D   26217.68459034 -.00000355  00000+0  00000+0 0  9998
2 17125  10.2670 322.4315 0008809 188.4314 171.6403  1.00230899145361
GOES 7
1 17561U 87022A   26218.01778860  .00000048  00000+0  00000+0 0  9995
2 17561  12.8810 337.2920 0002328  48.7761 314.2995  0.99903502127466
AGILA 1 (PALAPA B2P)
1 17706U 87029A   26218.30621828 -.00000221  00000+0  00000+0 0  9990
2 17706  14.3495 347.7969 0001703  67.1350 293.3236  0.99906659 43027
SL-12 R/B(2)
1 17872U 76092F   26218.67169965  .00000073  00000+0  00000+0 0  9995
2 17872   3.3344 269.2342 0016097 202.6236 143.6953  1.00237756119425
SL-12 R/B(2)
1 17873U 79035E   26218.36808986 -.00000097  00000+0  00000+0 0  9992
2 17873   5.0965 281.4266 0026988 256.0678 258.4929  1.00192692185675
SL-12 R/B(2)
1 17874U 84016F   26217.74407455 -.00000112  00000+0  00000+0 0  9993
2 17874   8.4799 310.6026 0035213 230.8438 117.5103  1.00327718123346
COSMOS 1888
1 18384U 87084A   26218.02441477  .00000141  00000+0  00000+0 0  9993
2 18384  10.7289 325.7912 0002159 243.9944 157.0949  1.00171272142197
SL-12 R/B(2)
1 18387U 87084D   26217.38661791 -.00000015  00000+0  00000+0 0  9998
2 18387  10.8848 326.3788 0029710 252.4437 306.9494  1.00027180149267
COSMOS 1894
1 18443U 87091A   26218.15020464 -.00000228  00000+0  00000+0 0  9997
2 18443  10.6842 325.2402 0002846  24.6744 347.1088  1.00236459121328
SL-12 R/B(2)
1 18446U 87091D   26217.75040125 -.00000332  00000+0  00000+0 0  9997
2 18446  10.7187 325.4119 0022688 266.9862 100.9360  1.00166413130509
COSMOS 1897
1 18575U 87096A   26217.76433802 -.00000270  00000+0  00000+0 0  9995
2 18575  10.9591 326.5943 0007602 150.9532 206.6713  1.00296826141684
SL-12 R/B(2)
1 18578U 87096D   26217.75476396 -.00000246  00000+0  00000+0 0  9995
2 18578  10.7496 325.8600 0022909 249.5846  95.9127  1.00581695138529
RADUGA 21
1 18631U 87100A   26218.29693683 -.00000256  00000+0  00000+0 0  9992
2 18631  11.2349 324.9308 0001249 284.3950  97.9049  1.00343325141596
STTW-2
1 18922U 88014A   26217.86086574 -.00000205  00000+0  00000+0 0  9991
2 18922  13.2225 339.3277 0004721 179.1842 191.1326  1.00294813140612
SPACENET 3R
1 18951U 88018A   26217.45586890  .00000078  00000+0  00000+0 0  9995
2 18951  14.7056 359.3054 0003132 250.6149 289.8289  0.99655984125104
SL-12 R/B(2)
1 19076U 88034D   26218.61842708 -.00000226  00000+0  00000+0 0  9990
2 19076  11.2028 327.2460 0023283 193.7525 167.1074  1.00122624139617
INSAT-1C
1 19330U 88063A   26216.94210810  .00000002  00000+0  00000+0 0  9993
2 19330  11.2596 327.4663 0008895 159.1312 232.0324  1.00233980120831
COSMOS 1961
1 19344U 88066A   26217.47058780 -.00000113  00000+0  00000+0 0  9990
2 19344  11.4047 329.4051 0003927 172.8003  58.9004  1.00261454139503
GORIZONT 16
1 19397U 88071A   26218.55006694  .00000049  00000+0  00000+0 0  9998
2 19397  11.4700 329.4987 0011707  88.6502 283.0092  0.99985204138744
SL-12 R/B(2)
1 19400U 88071D   26218.51552828  .00000078  00000+0  00000+0 0  9996
2 19400  11.1919 328.7302 0019781 241.9330 109.4039  1.00534170133207
GSTAR 3
1 19483U 88081A   26218.42351230 -.00000086  00000+0  00000+0 0  9992
2 19483  11.0060 317.9599 0006813 210.9935 193.1566  1.00272206135106
SBS 5
1 19484U 88081B   26218.32131826 -.00000314  00000+0  00000+0 0  9993
2 19484  14.6155   0.5404 0005643 318.5701 224.0038  0.99789905 46966
IUS R/B(2)
1 19550U 88091D   26217.90914810  .00000128  00000+0  00000+0 0  9995
2 19550  12.1534 330.6400 0020059 306.2660  42.1122  1.00477743130608
RADUGA 22
1 19596U 88095A   26217.90975403  .00000143  00000+0  00000+0 0  9991
2 19596  11.4893 329.8233 0005828 196.2012 154.3887  1.00188440122144
SKYNET 4B
1 19687U 88109A   26217.09365235  .00000018  00000+0  00000+0 0  9995
2 19687  13.0548 336.5563 0004165 283.0279 161.5800  0.99664527118652
STTW-3
1 19710U 88111A   26218.02446021  .00000126  00000+0  00000+0 0  9992
2 19710  14.0244 345.1861 0004683 185.3977 191.7250  1.00250491131343
IUS R/B(2)
1 19913U 89021D   26218.41796310 -.00000216  00000+0  00000+0 0  9991
2 19913   8.6296 320.3278 0023442 195.2275 219.4605  1.00618985126168
RADUGA 23
1 19928U 89030A   26217.83794774 -.00000229  00000+0  00000+0 0  9998
2 19928  11.7434 331.6518 0020068 209.2522 166.1953  1.00187299135351
SUPERBIRD-A
1 20040U 89041A   26217.74892791 -.00000224  00000+0  00000+0 0  9990
2 20040  12.1211 331.9755 0003946 166.9807 186.4634  0.99745805134959
DFS 1
1 20041U 89041B   26218.48346522 -.00000194  00000+0  00000+0 0  9995
2 20041  13.9658 346.1659 0012807 303.6110  99.2902  1.00669000125008
TVSAT 2
1 20168U 89062A   26218.25424395 -.00000357  00000+0  00000+0 0  9999
2 20168  14.6904 355.3948 0007497 194.8503 349.7890  0.99853745135006
GORIZONT 19
1 20263U 89081A   26217.92578356  .00000061  00000+0  00000+0 0  9997
2 20263  12.0221 333.1649 0005404 280.7951  91.5305  1.00198805 47845
RADUGA 24
1 20367U 89098A   26217.74927457 -.00000327  00000+0  00000+0 0  9996
2 20367  12.4505 333.4430 0003139 292.4260  61.4058  1.00249999133462
COSMOS 2054
1 20391U 89101A   26218.54928694  .00000057  00000+0  00000+0 0  9990
2 20391  12.1873 333.9044 0003094 212.2867 150.0498  1.00288983134373
STTW-4
1 20473U 90011A   26217.62405831 -.00000300  00000+0  00000+0 0  9996
2 20473  14.1315 346.0381 0003124 168.1963 122.3869  1.00264750133533
RADUGA 25
1 20499U 90016A   26218.41934977 -.00000154  00000+0  00000+0 0  9992
2 20499  12.2694 334.3609 0005792 212.9304 183.9759  1.00166393133415
INSAT-1D
1 20643U 90051A   26218.38628994 -.00000159  00000+0  00000+0 0  9992
2 20643  14.6023 353.5666 0017125 195.4418 345.5499  1.00263984119255
GORIZONT 20
1 20659U 90054A   26217.31850311 -.00000211  00000+0  00000+0 0  9993
2 20659  12.6338 335.7228 0006178 246.0526 292.5927  1.00315926132182
SL-12 R/B(2)
1 20662U 90054D   26218.04547853  .00000047  00000+0  00000+0 0  9998
2 20662  12.4724 335.1304 0013450 106.8446 253.3660  1.00492497132297
COSMOS 2085
1 20693U 90061A   26216.88723222 -.00000053  00000+0  00000+0 0  9994
2 20693  12.6245 336.1570 0013415  33.0649 333.6884  1.00272397131995
SL-12 R/B(2)
1 20696U 90061D   26217.69697837 -.00000369  00000+0  00000+0 0  9999
2 20696  12.5877 336.0167 0032831 220.7168 127.3606  1.00239646130891
SL-12 R/B(2)
1 20836U 74060F   26218.60752721 -.00000356  00000+0  00000+0 0  9998
2 20836   1.2423 245.7525 0015505 236.8225 168.8809  1.00239456 46513
GALAXY 6 (G-6)
1 20873U 90091B   26218.29029146 -.00000294  00000+0  00000+0 0  9995
2 20873  14.0587   9.6249 0005038 226.3221 139.3189  0.99764728 46951
GORIZONT 21
1 20923U 90094A   26217.83239012 -.00000239  00000+0  00000+0 0  9997
2 20923  12.6888 336.4158 0006621 267.2942 103.0506  1.00156119130955
GORIZONT 22
1 20953U 90102A   26217.69142069 -.00000313  00000+0  00000+0 0  9992
2 20953  12.6795 336.8882 0004450 348.2289  15.0355  1.00244516130879
RADUGA 26
1 21016U 90112A   26217.95301022  .00000078  00000+0  00000+0 0  9996
2 21016  12.7922 337.5617 0003311 123.4693 249.4215  1.00274628130767
SL-12 R/B(2)
1 21019U 90112D   26217.69142069 -.00000338  00000+0  00000+0 0  9994
2 21019  12.8531 337.7305 0025859 185.8590 175.8662  1.00035538120438
RADUGA-1 2
1 21038U 90116A   26217.38601124 -.00000033  00000+0  00000+0 0  9999
2 21038  12.8333 337.5889 0004372 141.9669  42.3136  1.00216278 47839
ITALSAT 1
1 21055U 91003A   26218.62704330 -.00000173  00000+0  00000+0 0  9990
2 21055  14.5371 351.1114 0011579  59.5233 292.4641  0.99978373117587
COSMOS 2133
1 21111U 91010A   26217.46503035 -.00000131  00000+0  00000+0 0  9995
2 21111  13.2116 342.4157 0005911 201.2997  15.9148  1.00262120129930
SL-12 R/B(2)
1 21129U 91010F   26217.68030766 -.00000260  00000+0  00000+0 0  9997
2 21129  13.1192 342.0151 0017797 233.1991 131.0795  1.00148267130176
RADUGA 27
1 21132U 91014A   26217.62108287 -.00000369  00000+0  00000+0 0  9993
2 21132  13.2925 336.4859 0000685 275.7605  44.5861  1.00326189129800
IUS R/B(2)
1 21641U 91054D   26202.18137641 -.00000264  00000+0  00000+0 0  9997
2 21641  13.7105 332.6764 0035977 348.5339   6.2354  1.00329673 47709
COSMOS 2155
1 21702U 91064A   26218.54963361  .00000056  00000+0  00000+0 0  9997
2 21702  13.0797 338.9126 0003304 239.0646 120.2823  1.00231053127837
SL-12 R/B(2)
1 21703U 91064B   26218.30095529 -.00000269  00000+0  00000+0 0  9991
2 21703  13.2849 339.5805 0002095   8.0267  12.4321  0.99890433120656
SL-12 R/B(2)
1 21762U 91074D   26217.81016791 -.00000216  00000+0  00000+0 0  9998
2 21762  13.4125 341.0112 0002354 236.6500 129.5703  0.99700810120176
INTELSAT 601 (IS-601)
1 21765U 91075A   26217.39460455 -.00000276  00000+0  00000+0 0  9991
2 21765  13.4362  16.5628 0001080 297.9457 254.1913  0.99589862126866
COSMOS 2172
1 21789U 91079A   26218.15107132 -.00000220  00000+0  00000+0 0  9995
2 21789  13.2095 339.9961 0002486   6.4760 355.4373  1.00240560 47865
RADUGA 28
1 21821U 91087A   26216.88653889 -.00000042  00000+0  00000+0 0  9996
2 21821  13.3285 340.7005 0005035 189.7950 168.5943  1.00361174126805
PALAPA B4
1 21964U 92027A   26218.22287046 -.00000242  00000+0  00000+0 0  9999
2 21964  13.2883  16.9137 0001325  42.1238 311.1464  0.99949245 47683
INSAT-2A
1 22027U 92041A   26218.18773148 -.00000156  00000+0  00000+0 0  9998
2 22027  14.4804 351.4408 0009314 277.7503 271.2072  1.00236714124551
COSMOS 2209
1 22112U 92059A   26218.26545358 -.00000288  00000+0  00000+0 0  9997
2 22112  13.5506 342.2696 0011283 343.6773  19.7817  1.00185878124121
SL-12 R/B(2)
1 22115U 92059D   26217.47058780 -.00000030  00000+0  00000+0 0  9995
2 22115  13.7895 343.1135 0011713 331.1648 246.6285  0.99786648122774
HELLAS-SAT 1 (DFS 3)
1 22175U 92066A   26218.49096666 -.00000007  00000+0  00000+0 0  9991
2 22175  14.2689   6.6792 0001315 169.9219 204.5463  0.99725061121058
GALAXY 7 (G-7)
1 22205U 92072A   26218.58664046 -.00000040  00000+0  00000+0 0  9992
2 22205  14.5299   2.8958 0005517  56.3020 119.3441  0.99709173117387
EKRAN 20
1 22210U 92074A   26216.94157542 -.00000031  00000+0  00000+0 0  9996
2 22210  13.6594 343.9435 0004226 212.7694 161.7694  1.00323793 47860
GORIZONT 27
1 22245U 92082A   26218.15375800 -.00000136  00000+0  00000+0 0  9993
2 22245  13.6847 343.6107 0011420  28.4632 344.5131  1.00214637127626
COSMOS 2224
1 22269U 92088A   26218.22018378 -.00000274  00000+0  00000+0 0  9990
2 22269  13.6198 347.6061 0006377 263.5488 104.6037  1.00221164122594
SL-12 R/B(2)
1 22272U 92088D   26218.62856926  .00000047  00000+0  00000+0 0  9994
2 22272  13.7232 348.0727 0009189 169.4103 256.8763  1.00050206 47795
RADUGA 29
1 22557U 93013A   26218.77261059 -.00000358  00000+0  00000+0 0  9998
2 22557  13.8105 344.7329 0004236 191.1184 184.3724  1.00318022122194
HGS-4 (GALAXY 4)
1 22694U 93039A   26216.88775222 -.00000082  00000+0  00000+0 0  9994
2 22694  14.5642 354.7602 0013170  52.2180 298.6409  1.00267408119483
HISPASAT 1B
1 22723U 93048A   26217.61388225  .00000050  00000+0  00000+0 0  9996
2 22723  13.7631  12.7241 0002791 352.5465   8.8398  0.99725604120332
INSAT-2B
1 22724U 93048B   26217.98759038  .00000074  00000+0  00000+0 0  9997
2 22724  14.4655   2.2106 0016276 221.7299 313.1899  0.99970133121075
RADUGA 30
1 22836U 93062A   26217.46503035 -.00000138  00000+0  00000+0 0  9996
2 22836  13.9926 346.7772 0004719 324.0777 249.2837  1.00261483 46493
SL-12 R/B(2)
1 22839U 93062D   26218.07614083  .00000017  00000+0  00000+0 0  9998
2 22839  13.9291 346.4960 0008351  94.8435 265.7825  1.00305473119350
SL-12 R/B(2)
1 22883U 93069D   26218.28743144 -.00000301  00000+0  00000+0 0  9995
2 22883  13.8364 346.3169 0003274  51.7649 321.6094  1.00486367119573
GORIZONT 29
1 22907U 93072A   26218.52000013  .00000125  00000+0  00000+0 0  9997
2 22907  13.9663 346.9621 0010534   2.4397 189.1087  1.00131220119677
SOLIDARIDAD 1
1 22911U 93073A   26218.42125126 -.00000127  00000+0  00000+0 0  9998
2 22911  14.3942   1.9923 0007772 240.9425 120.7623  1.00278617118376
TELSTAR 401
1 22927U 93077A   26218.42384591 -.00000113  00000+0  00000+0 0  9997
2 22927  14.4380 350.4739 0009399 150.9453 220.8665  1.00287238119081
GALS 1
1 22963U 94002A   26217.98671024 -.00000076  00000+0  00000+0 0  9994
2 22963  14.5232 353.4611 0012104 227.1726 158.7232  1.00358082119218
RADUGA-1 3
1 22981U 94008A   26217.31943216 -.00000270  00000+0  00000+0 0  9998
2 22981  14.1499 347.8422 0001318 219.7776 313.7045  1.00315198118971
TITAN 4 CENTAUR R/B
1 22989U 94009B   26217.36731435 -.00000300  00000+0  00000+0 0  9994
2 22989  16.8991  22.2166 0013886 239.4427 120.4646  1.00596228 25780
RADUGA 31
1 23010U 94012A   26218.45123808  .00000098  00000+0  00000+0 0  9997
2 23010  14.1153 347.8569 0001526 165.3968  12.6492  1.00239187118855
GORIZONT 30
1 23108U 94030A   26218.41950606 -.00000153  00000+0  00000+0 0  9998
2 23108  14.0387 347.8114 0004673 281.1962 101.3760  1.00159730117964
UFO 3 (USA 104)
1 23132U 94035A   26218.15453800 -.00000103  00000+0  00000+0 0  9990
2 23132  12.3898   5.3977 0002286 235.1734 119.5457  1.00270704132197
COSMOS 2282
1 23168U 94038A   26218.55015361  .00000070  00000+0  00000+0 0  9994
2 23168  13.8596 352.3367 0006210 134.0886 214.2493  1.00295581117502
COSMOS 2291
1 23267U 94060A   26218.58282711 -.00000080  00000+0  00000+0 0  9999
2 23267  14.1337 349.2468 0006854 228.6382 299.8851  1.00283938116702
SL-12 R/B(2)
1 23270U 94060D   26217.81016791 -.00000306  00000+0  00000+0 0  9992
2 23270  14.2408 349.7073 0007651 157.7099 202.3096  1.00062813116039
EXPRESS 1
1 23319U 94067A   26218.54351556  .00000087  00000+0  00000+0 0  9990
2 23319  14.5325   1.6264 0005496 241.6649 130.3665  0.99822970116081
SL-12 R/B(2)
1 23322U 94067D   26218.30106694 -.00000293  00000+0  00000+0 0  9999
2 23322  13.8365 344.5065 0006931 151.6502 224.6565  1.00184967116516
ELEKTRO (GOMS 1)
1 23327U 94069A   26218.38646328 -.00000171  00000+0  00000+0 0  9992
2 23327  14.4594 348.9048 0008589 266.1751 280.5095  1.00279966116377
SL-12 R/B(2)
1 23330U 94069D   26218.60940679  .00000081  00000+0  00000+0 0  9996
2 23330  14.4595 348.9492 0021552 156.4633 224.1503  1.00127513116165
LUCH
1 23426U 94082A   26218.44673223  .00000003  00000+0  00000+0 0  9991
2 23426  14.7405 354.1983 0006688 206.7911 153.2171  1.00162457115763
RADUGA 32
1 23448U 94087A   26217.46503035 -.00000138  00000+0  00000+0 0  9994
2 23448  14.2937 350.6044 0008497 264.3414 305.0816  1.00264080133374
SL-12 R/B(2)
1 23451U 94087D   26218.21793044 -.00000300  00000+0  00000+0 0  9994
2 23451  14.3162 350.6112 0009058 143.6311 209.2543  1.00079427 47773
TITAN 4 CENTAUR R/B
1 23568U 95022B   26217.12191724  .00000061  00000+0  00000+0 0  9992
2 23568  18.3199   5.6872 0007212 351.7506   8.2694  1.00540954 26391
IUS R/B(2)
1 23615U 95035D   26218.21905711 -.00000271  00000+0  00000+0 0  9993
2 23615  15.6225 341.2317 0009515 185.2857 183.4055  1.00489514113910
KOREASAT 1
1 23639U 95041A   26218.51788869  .00000084  00000+0  00000+0 0  9993
2 23639  14.7219 358.2297 0003625 240.0339 118.6511  0.99667618113024
COSMOS 2319
1 23653U 95045A   26216.88740556 -.00000039  00000+0  00000+0 0  9993
2 23653  14.3397 352.3495 0005902 258.0283  93.1744  1.00151643113276
SL-12 R/B(2)
1 23656U 95045D   26218.15877931 -.00000097  00000+0  00000+0 0  9990
2 23656  14.4016 352.6419 0017939  58.0313 127.0489  1.00190913113166
TELSTAR 4 (TELSTAR 402R)
1 23670U 95049A   26218.42393794 -.00000205  00000+0  00000+0 0  9991
2 23670  13.6236  12.3033 0000675  24.5834 341.5829  1.00269426113015
LUCH-1
1 23680U 95054A   26218.45600477 -.00000091  00000+0  00000+0 0  9993
2 23680  15.0415 358.8364 0006804 149.9699  43.3820  1.00269500112859
SL-12 R/B(2)
1 23683U 95054D   26217.45578223  .00000034  00000+0  00000+0 0  9994
2 23683  15.0029 358.6688 0018618 104.2503  76.0618  1.00165785112863
GALS 2
1 23717U 95063A   26218.30326001 -.00000270  00000+0  00000+0 0  9995
2 23717  14.4980   2.2112 0006335 325.5643  31.9733  0.99884340112129
SL-12 R/B(2)
1 23720U 95063D   26218.51904678  .00000127  00000+0  00000+0 0  9994
2 23720  14.1338 347.7821 0042084 195.6668 349.4492  1.00345376112498
INSAT-2C
1 23731U 95067B   26218.43030522 -.00000276  00000+0  00000+0 0  9995
2 23731  14.3348   7.8716 0002804  46.4936 356.4540  0.99783434111913
GALAXY 3R (G-3R)
1 23741U 95069A   26218.42194461 -.00000153  00000+0  00000+0 0  9994
2 23741  13.3357  15.8520 0004306 116.3122 235.1113  1.00327950112312
ABS-1A
1 23768U 96003A   26217.99300184 -.00000035  00000+0  00000+0 0  9993
2 23768  12.6713  25.1552 0003582 133.6598  47.3104  0.99787845111673
GORIZONT 32
1 23880U 96034A   26218.25476395 -.00000327  00000+0  00000+0 0  9994
2 23880  14.3812 354.5972 0008418   0.2043 188.1545  1.00198866110538
TURKSAT 1C
1 23949U 96040B   26217.62982346 -.00000368  00000+0  00000+0 0  9990
2 23949  12.1327  29.7739 0006314 166.0784 105.9865  1.00323770110175
UFO 7 (USA 127)
1 23967U 96042A   26218.35898981 -.00000299  00000+0  00000+0 0  9997
2 23967  11.1649  16.7974 0006572 121.9730 248.3868  1.00194807109995
ECHOSTAR 2
1 24313U 96055A   26218.57556323 -.00000288  00000+0  00000+0 0  9990
2 24313  12.0436  31.1516 0011680  97.1529 326.3134  1.00313844109520
EXPRESS 2
1 24435U 96058A   26217.62405831 -.00000331  00000+0  00000+0 0  9999
2 24435  14.5617 353.9669 0009581 358.9020 288.0559  1.00288081109303
SL-12 R/B(2)
1 24438U 96058D   26218.52060679  .00000122  00000+0  00000+0 0  9996
2 24438  14.3614 350.6734 0007739 134.3011  56.4452  1.00311141109344
AFRICASAT-2 (MEASAT-2)
1 24653U 96063B   26217.61850596 -.00000171  00000+0  00000+0 0  9990
2 24653  12.3300  28.5954 0005216 191.3501  53.9652  0.99651329108775
DFH 3-2
1 24798U 97021A   26217.62405831 -.00000347  00000+0  00000+0 0  9999
2 24798  13.5451  13.4283 0008323 118.9461 154.4187  1.00198263107017
KUPON
1 25045U 97070A   26216.87312290 -.00000206  00000+0  00000+0 0  9995
2 25045  14.5455 354.2472 0004023 299.0440  60.9607  1.00242537105138
INDOSTAR 1
1 25050U 97071B   26218.52268681  .00000087  00000+0  00000+0 0  9996
2 25050  13.0104  19.6523 0001491 289.0610 243.3860  1.00341614105305
GALAXY 8 (G-8)
1 25086U 97078A   26217.78656164 -.00000353  00000+0  00000+0 0  9993
2 25086  14.0816   9.5183 0006554  70.3688 289.2503  0.99704589104433
INTELSAT 804 (IS-804)
1 25110U 97083A   26218.21900075 -.00000095  00000+0  00000+0 0  9992
2 25110  13.2013  17.2417 0008396  33.3550 147.1171  1.00269895104836
UFO 8 (USA 138)
1 25258U 98016A   26218.25796465 -.00000197  00000+0  00000+0 0  9995
2 25258  11.1910  22.4365 0004676 230.0994 307.3882  1.00261662104368
COSMOS 2350
1 25315U 98025A   26217.94406490 -.00000151  00000+0  00000+0 0  9990
2 25315  13.9807   3.4769 0006939 171.0246 199.1985  1.00282839103518
SL-12 R/B(2)
1 25318U 98025D   26217.62405831 -.00000298  00000+0  00000+0 0  9998
2 25318  14.0046   3.5125 0030289 135.6567 142.6328  1.00040417103262
BADR-3 (ARABSAT-3A)
1 25638U 99009A   26218.49309677 -.00000060  00000+0  00000+0 0  9990
2 25638  12.0156  32.0721 0003268  20.1150 250.2730  1.00179501100468
RADUGA-1 4
1 25642U 99010A   26217.43655963 -.00000201  00000+0  00000+0 0  9999
2 25642  15.6495   1.2015 0005408 279.0074 277.7585  1.00194253100441
TELKOM 1
1 25880U 99042A   26217.59965424 -.00000017  00000+0  00000+0 0  9996
2 25880   7.7958  65.6977 0014193 260.5160 271.9367  1.00245699 98883
ABS-7
1 25894U 99046A   26218.23474385  .00000141  00000+0  00000+0 0  9995
2 25894   6.5987  70.1499 0002040  96.8692 267.6604  0.99963776 97587
YAMAL 102
1 25897U 99047B   26218.55474697  .00000101  00000+0  00000+0 0  9996
2 25897  13.7305  12.3161 0002378  30.6405 322.8211  0.99987113 98490
GARUDA 1
1 26089U 00011A   26218.59669383  .00000073  00000+0  00000+0 0  9993
2 26089   9.7724  63.2413 0002171 119.7665  49.8457  0.99902717 42165
SL-12 R/B(2)
1 26101U 00013D   26218.25259727 -.00000313  00000+0  00000+0 0  9998
2 26101  14.3409   0.4162 0006580  77.1321  93.3802  1.00756930 97143
INSAT-3B
1 26108U 00016B   26217.53366633 -.00000145  00000+0  00000+0 0  9996
2 26108  10.9565  45.0377 0005665 213.2850 342.5854  0.99654547 51921
GALAXY 4R (G-4R)
1 26298U 00020A   26217.52638631  .00000092  00000+0  00000+0 0  9990
2 26298  12.8068  23.6738 0005532 200.8858 336.9827  0.99828475 96116
IUS R/B(2)
1 26359U 00024D   26218.52107814  .00000077  00000+0  00000+0 0  9990
2 26359  13.3630  12.2303 0005396 179.8163 180.2344  0.99703708 25879
GORIZONT 33
1 26372U 00029A   26218.59036714  .00000121  00000+0  00000+0 0  9997
2 26372  13.9026   6.4264 0002583 234.3465 318.2634  1.00188259 95937
FENGYUN 2B
1 26382U 00032A   26218.35846980 -.00000294  00000+0  00000+0 0  9992
2 26382  13.3190  16.5201 0002806 294.6214  72.8041  1.00084846 95433
COSMOS 2371
1 26394U 00036A   26217.48169782 -.00000066  00000+0  00000+0 0  9997
2 26394  14.0181   7.1368 0002934 172.5195  18.3419  1.00276978 95532
SL-12 R/B(2)
1 26397U 00036D   26218.22313046 -.00000205  00000+0  00000+0 0  9992
2 26397  13.9884   7.0050 0016540  79.5145 285.3951  1.00205988 47839
FENGYUN 2B AKM
1 26460U 00032C   26217.74795182 -.00000290  00000+0  00000+0 0  9994
2 26460  14.4521   5.8472 0022675  44.9396 315.2872  1.00193451122681
RADUGA-1 5
1 26477U 00049A   26218.61397527 -.00000066  00000+0  00000+0 0  9999
2 26477  13.9950   7.6839 0001521  81.4380 159.0208  1.00204987 94921
TITAN 4 CENTAUR R/B
1 26716U 01009B   26218.00669198  .00000024  00000+0  00000+0 0  9994
2 26716  12.6652  12.0006 0014829 147.0898 213.0571  1.00491479 26750
IUS R/B(2)
1 26883U 01033D   26217.78047446 -.00000329  00000+0  00000+0 0  9995
2 26883  12.9708  16.3639 0006730  13.1019 346.9697  0.99903521 26285
COSMOS 2379
1 26892U 01037A   26217.78656164 -.00000345  00000+0  00000+0 0  9990
2 26892  13.3031  13.9006 0006515 234.7551 120.2123  1.00249311 91353
SL-12 R/B(2)
1 26895U 01037D   26218.60419800  .00000096  00000+0  00000+0 0  9991
2 26895  13.3021  14.1411 0020116  83.4907 124.7022  1.00202007 91308
SL-12 R/B(2)
1 26939U 01045D   26218.52286014  .00000089  00000+0  00000+0 0  9991
2 26939  13.9259  11.6972 0025701  31.2994 150.4170  1.00240332 91237
ECHOSTAR 7
1 27378U 02006A   26218.56558036 -.00000092  00000+0  00000+0 0  9992
2 27378   4.1379  76.7649 0001826  64.3926 283.3790  0.99833660 51034
EUTELSAT 33B
1 27554U 02051A   26218.30251152  .00000103  00000+0  00000+0 0  9991
2 27554   9.0927  59.3210 0011390 341.7960  40.1321  1.00268268 49306
TITAN 4 CENTAUR R/B
1 27712U 03012B   26218.19136961  .00000024  00000+0  00000+0 0  9994
2 27712  11.2260  22.9399 0022733 278.9368  80.8707  1.00575909 26292
INSAT-3A
1 27714U 03013A   26218.43163262  .00000064  00000+0  00000+0 0  9992
2 27714   8.9454  60.4353 0006620 348.1642 299.6353  0.99798284 85226
SL-12 R/B(2)
1 27780U 03015F   26218.39377781 -.00000374  00000+0  00000+0 0  9990
2 27780  12.8052  20.0098 0010241  43.3573 151.8269  1.00211077 85000
GSAT-2
1 27807U 03018A   26218.20602515  .00000107  00000+0  00000+0 0  9992
2 27807  11.2702  41.2404 0011191 350.7283 215.8140  0.99847070 84934
IABS R/B
1 27877U 03040C   26202.23428213 -.00000038  00000+0  00000+0 0  9995
2 27877  13.4138  12.1957 0007956 320.5328  39.4364  1.00734028 26291
INSAT-3E
1 27951U 03043E   26218.23006383  .00000119  00000+0  00000+0 0  9997
2 27951   9.8135  53.5136 0011722 245.3335 110.1497  1.00798370 54303
YAMAL 201
1 28094U 03053B   26217.58516845 -.00000199  00000+0  00000+0 0  9992
2 28094   9.7223  55.0135 0005636 122.6189  72.7674  1.00303757 85378
SL-12 R/B(2)
1 28139U 03060D   26218.02550197  .00000028  00000+0  00000+0 0  9998
2 28139  13.6028  13.3597 0018463 235.7550 133.3633  1.00312315 82538
IUS R/B(2)
1 28161U 04004D   26217.42482491 -.00000183  00000+0  00000+0 0  9999
2 28161  12.2440  25.9089 0004637  28.1981 331.8909  0.99816545 25888
RADUGA-1 7
1 28194U 04010A   26218.16060470  .00000098  00000+0  00000+0 0  9997
2 28194  13.7349  20.3449 0004575 230.5371 142.6761  1.00239959 81922
SL-12 R/B(2)
1 28240U 04015D   26218.48794853 -.00000087  00000+0  00000+0 0  9997
2 28240  13.3633  13.9837 0016340 332.9388 206.0199  1.00723766 81916
SL-12 R/B(2)
1 28256U 04010F   26217.62305138  .00000099  00000+0  00000+0 0  9990
2 28256  13.7771  20.5523 0026029  13.8602 344.1910  1.00120997 81153
SL-12 R/B(2)
1 28466U 04043D   26217.46158622 -.00000214  00000+0  00000+0 0  9995
2 28466  13.2608  16.0910 0007760 164.5977  30.1653  1.00108442 79604
SL-12 R/B(2)
1 28634U 05010F   26218.59305382  .00000109  00000+0  00000+0 0  9991
2 28634  13.1765  18.0269 0021649 268.6143 287.2002  1.00272274 78209
SL-12 R/B(2)
1 28704U 05023H   26218.35838314 -.00000290  00000+0  00000+0 0  9995
2 28704  12.9575  18.4568 0011195 330.9597  33.8626  1.00811154 77718
EKRAN 2 DEB
1 29014U 77092K   26218.40019117 -.00000210  00000+0  00000+0 0  9995
2 29014   4.0073 273.5557 0019937 347.7412 348.1252  1.00157351 47776
ZHONGXING-22A
1 29398U 06038A   26218.32752968 -.00000292  00000+0  00000+0 0  9991
2 29398  11.5801  36.9148 0003658 136.7073  42.7048  1.00102652 72886
MEASAT-3
1 29648U 06056A   26218.58378351  .00000025  00000+0  00000+0 0  9990
2 29648   4.8526  75.4979 0002335 175.7209 162.2066  0.99740254 50885
NIGCOMSAT 1
1 31395U 07018A   26218.60333442 -.00000035  00000+0  00000+0 0  9998
2 31395  11.9460  32.4499 0006315 119.7823  89.4058  1.00200105 70562
EXPRESS-AM33
1 32478U 08003A   26218.37146987  .00000034  00000+0  00000+0 0  9994
2 32478   4.9237  74.6832 0013808 170.6513 209.1986  1.00234791 54241
KIZUNA (WINDS)
1 32500U 08007A   26218.30112484  .00000072  00000+0  00000+0 0  9994
2 32500   8.6483  61.5917 0002573 110.0525 262.0803  1.00316362 67401
COSMOS 2440
1 33108U 08033A   26218.61470861 -.00000130  00000+0  00000+0 0  9994
2 33108  10.6758  40.6781 0004703 186.4101  27.7552  1.00263081 66297
SL-12 R/B(2)
1 33111U 08033D   26218.52690815 -.00000064  00000+0  00000+0 0  9997
2 33111  10.6573  40.8116 0030850 341.2935 193.1148  1.00306961 66315
FENGYUN 2D DEB
1 33458U 06053D   26217.01295009 -.00000004  00000+0  00000+0 0  9994
2 33458  11.7480  36.7356 0030118  27.3685 318.6425  1.00284994 65861
RADUGA-1 8
1 34264U 09010A   26218.26446468 -.00000004  00000+0  00000+0 0  9991
2 34264  12.2093  41.2265 0010726  28.7615 165.6758  0.99830139 63675
SL-12 R/B(2)
1 34265U 09010B   26218.32891634 -.00000253  00000+0  00000+0 0  9994
2 34265  12.2021  41.1572 0002258 305.0940 237.6721  1.00020610 63690
ZHONGXING-6A
1 37150U 10042A   26218.50197338 -.00000257  00000+0  00000+0 0  9991
2 37150   4.3497  76.5814 0000467 175.0623 188.6683  0.99699767 58383
ELEKTRO-L 1 (GOMS 2)
1 37344U 11001A   26218.21005043  .00000072  00000+0  00000+0 0  9995
2 37344   9.7949  53.9801 0003794  43.2231 161.6160  1.00166627 56983
ZHONGXING-1A
1 37804U 11047A   26218.68437451 -.00000219  00000+0  00000+0 0  9993
2 37804   3.8422  77.7167 0001312 286.4492 292.4653  1.00021887 27838
COSMOS 2473
1 37806U 11048A   26218.36912519  .00000113  00000+0  00000+0 0  9996
2 37806   5.6993  72.8411 0005849 130.9860  76.1233  1.00275099  7972
AMOS-5
1 37950U 11074A   26218.09677340  .00000071  00000+0  00000+0 0  9998
2 37950   8.9341  60.1876 0002965  63.4526 284.2221  1.00170870 53493
COSMOS 2479
1 38101U 12012A   26218.59825384 -.00000084  00000+0  00000+0 0  9993
2 38101   8.9641  55.8378 0004765 218.4632 327.2049  1.00401463 52594
SL-12 R/B(2)
1 38104U 12012D   26218.58058424 -.00000022  00000+0  00000+0 0  9990
2 38104   8.9515  56.0345 0011385 304.4964  44.2849  1.00384026 52560
COSMOS 1700 DEB
1 40924U 85102G   26216.88281220  .00000124  00000+0  00000+0 0  9998
2 40924   9.6120 318.5049 0025559 138.1267 222.5109  1.00269729 67913
INTELSAT 29E (IS-29E)
1 41308U 16004A   26218.59695383 -.00000065  00000+0  00000+0 0  9994
2 41308   6.6202  69.6870 0003225 109.6378  54.7667  1.00632586 38788
INTELSAT 33E (IS-33E)
1 41748U 16053B   26218.59071381  .00000157  00000+0  00000+0 0  9993
2 41748   1.7000  83.4975 0023354 190.0775 287.2903  1.00203458 36751
ZHONGXING-9A
1 42763U 17035A   26218.51344821  .00000099  00000+0  00000+0 0  9991
2 42763   5.1075  74.5907 0002129 345.9852 282.2955  0.99786591 34154
COSMOS 1897 DEB
1 44572U 87096G   26201.18240634 -.00000264  00000+0  00000+0 0  9992
2 44572  10.8238 326.1236 0019606 284.9593  70.8681  1.00460793 71313
SHIYAN-9 (SY-9)
1 47851U 21019A   26218.54200691 -.00000225  00000+0  00000+0 0  9992
2 47851  16.4193 301.7859 0014313  22.6296 332.2918  1.00279262 24635
EKRAN 2 DEB
1 59987U 77092N   26216.88428554  .00000110  00000+0  00000+0 0  9994
2 59987   4.0030 273.2170 0013858 228.4668 185.0504  1.00166027 63601
INTELSAT 33E DEB
1 61994U 16053L   26217.66041837 -.00000103  00000+0  00000+0 0  9990
2 61994   1.7103  84.5262 0024549 214.1103 145.7572  1.00520219  6597
INTELSAT 33E DEB
1 61998U 16053Q   26212.29798754  .00000157  00000+0  00000+0 0  9993
2 61998   1.6672  82.5712 0018375  14.4313 345.6216  1.00415297  6543
INTELSAT 33E DEB
1 62003U 16053V   26218.16133997 -.00000114  00000+0  00000+0 0  9999
2 62003   1.7487  86.8011 0007937 246.3363 113.5616  1.00455747  6582
NTS-3
1 65160U 25173A   26218.20701039 -.00000144  00000+0  00000+0 0  9995
2 65160   3.3609  71.0754 0000846 113.9733  99.2022  1.00670372   538
VIASAT-3 F3
1 68893U 26096A   26218.54434692 -.00000119  00000+0  00000+0 0  9993
2 68893   0.0596 271.0782 0000716 277.3385 121.2020  1.00271127  1114
TJS-25
1 69474U 26129A   26215.86433772 -.00000358  00000+0  00000+0 0  9991
2 69474   5.9307 330.4043 0003324 268.9396 144.5318  1.00271405   543
TJS-26A
1 69674U 26144A   26218.74808498 -.00000339  00000+0  00000+0 0  9990
2 69674   6.9181 323.2103 0004863 337.4788  31.4170  1.00272499   453
SXM-11
1 69728U 26148A   26218.56038034  .00000015  00000+0  00000+0 0  9995
2 69728   0.0564 269.2071 0002529 279.9940 207.1020  1.00272020   549
